[{"model": "admin.logentry", "pk": 1, "fields": {"action_time": "2021-01-05T23:13:02.485Z", "user": 1, "content_type": 9, "object_id": "1", "object_repr": "men", "action_flag": 1, "change_message": "[{\"added\": {}}]"}}, {"model": "admin.logentry", "pk": 2, "fields": {"action_time": "2021-01-05T23:14:23.428Z", "user": 1, "content_type": 9, "object_id": "2", "object_repr": "russia", "action_flag": 1, "change_message": "[{\"added\": {}}]"}}, {"model": "admin.logentry", "pk": 3, "fields": {"action_time": "2021-01-05T23:15:06.578Z", "user": 1, "content_type": 10, "object_id": "1", "object_repr": "Watch", "action_flag": 1, "change_message": "[{\"added\": {}}, {\"added\": {\"name\": \"gallery\", \"object\": \"\\u053a\\u0561\\u0574\"}}, {\"added\": {\"name\": \"gallery\", \"object\": \"\\u053a\\u0561\\u0574\"}}, {\"added\": {\"name\": \"gallery\", \"object\": \"\\u053a\\u0561\\u0574\"}}, {\"added\": {\"name\": \"gallery\", \"object\": \"\\u053a\\u0561\\u0574\"}}]"}}, {"model": "admin.logentry", "pk": 4, "fields": {"action_time": "2021-01-05T23:18:36.093Z", "user": 1, "content_type": 10, "object_id": "2", "object_repr": "Hand's watch", "action_flag": 1, "change_message": "[{\"added\": {}}, {\"added\": {\"name\": \"gallery\", \"object\": \"\\u053a\\u0561\\u0574\\u0561\\u0581\\u0578\\u0582\\u0575\\u0581\"}}, {\"added\": {\"name\": \"gallery\", \"object\": \"\\u053a\\u0561\\u0574\\u0561\\u0581\\u0578\\u0582\\u0575\\u0581\"}}, {\"added\": {\"name\": \"gallery\", \"object\": \"\\u053a\\u0561\\u0574\\u0561\\u0581\\u0578\\u0582\\u0575\\u0581\"}}, {\"added\": {\"name\": \"gallery\", \"object\": \"\\u053a\\u0561\\u0574\\u0561\\u0581\\u0578\\u0582\\u0575\\u0581\"}}]"}}, {"model": "admin.logentry", "pk": 5, "fields": {"action_time": "2021-01-05T23:22:04.278Z", "user": 1, "content_type": 9, "object_id": "3", "object_repr": "ForGirl", "action_flag": 1, "change_message": "[{\"added\": {}}]"}}, {"model": "admin.logentry", "pk": 6, "fields": {"action_time": "2021-01-06T12:14:47.859Z", "user": 1, "content_type": 9, "object_id": "1", "object_repr": "menM", "action_flag": 2, "change_message": "[{\"changed\": {\"fields\": [\"Type\"]}}]"}}, {"model": "admin.logentry", "pk": 7, "fields": {"action_time": "2021-01-06T12:18:07.730Z", "user": 1, "content_type": 9, "object_id": "4", "object_repr": "menW", "action_flag": 1, "change_message": "[{\"added\": {}}]"}}, {"model": "admin.logentry", "pk": 8, "fields": {"action_time": "2021-01-06T12:21:21.005Z", "user": 1, "content_type": 9, "object_id": "3", "object_repr": "ForGirlC", "action_flag": 3, "change_message": ""}}, {"model": "admin.logentry", "pk": 9, "fields": {"action_time": "2021-01-06T12:21:21.030Z", "user": 1, "content_type": 9, "object_id": "2", "object_repr": "russiaC", "action_flag": 3, "change_message": ""}}, {"model": "admin.logentry", "pk": 10, "fields": {"action_time": "2021-01-06T12:21:43.583Z", "user": 1, "content_type": 9, "object_id": "4", "object_repr": "watchW", "action_flag": 2, "change_message": "[{\"changed\": {\"fields\": [\"Title [hy]\", \"Title [en]\"]}}]"}}, {"model": "admin.logentry", "pk": 11, "fields": {"action_time": "2021-01-06T12:21:59.276Z", "user": 1, "content_type": 9, "object_id": "1", "object_repr": "watchM", "action_flag": 2, "change_message": "[{\"changed\": {\"fields\": [\"Title [hy]\", \"Title [en]\"]}}]"}}, {"model": "admin.logentry", "pk": 12, "fields": {"action_time": "2021-01-06T12:25:01.507Z", "user": 1, "content_type": 10, "object_id": "4", "object_repr": "Watch", "action_flag": 1, "change_message": "[{\"added\": {}}, {\"added\": {\"name\": \"gallery\", \"object\": \"\\u053a\\u0561\\u0574\"}}, {\"added\": {\"name\": \"gallery\", \"object\": \"\\u053a\\u0561\\u0574\"}}, {\"added\": {\"name\": \"gallery\", \"object\": \"\\u053a\\u0561\\u0574\"}}]"}}, {"model": "admin.logentry", "pk": 13, "fields": {"action_time": "2021-01-06T12:25:01.508Z", "user": 1, "content_type": 10, "object_id": "3", "object_repr": "Watch", "action_flag": 1, "change_message": "[{\"added\": {}}, {\"added\": {\"name\": \"gallery\", \"object\": \"\\u053a\\u0561\\u0574\"}}, {\"added\": {\"name\": \"gallery\", \"object\": \"\\u053a\\u0561\\u0574\"}}, {\"added\": {\"name\": \"gallery\", \"object\": \"\\u053a\\u0561\\u0574\"}}]"}}, {"model": "admin.logentry", "pk": 14, "fields": {"action_time": "2021-01-06T12:25:33.020Z", "user": 1, "content_type": 10, "object_id": "3", "object_repr": "Watch", "action_flag": 2, "change_message": "[{\"changed\": {\"fields\": [\"Price\", \"Count\"]}}, {\"changed\": {\"name\": \"gallery\", \"object\": \"\\u053a\\u0561\\u0574\", \"fields\": [\"Default\"]}}, {\"changed\": {\"name\": \"gallery\", \"object\": \"\\u053a\\u0561\\u0574\", \"fields\": [\"Default\"]}}]"}}, {"model": "admin.logentry", "pk": 15, "fields": {"action_time": "2021-01-06T12:27:21.033Z", "user": 1, "content_type": 9, "object_id": "5", "object_repr": "perfumeW", "action_flag": 1, "change_message": "[{\"added\": {}}]"}}, {"model": "admin.logentry", "pk": 16, "fields": {"action_time": "2021-01-06T12:28:08.341Z", "user": 1, "content_type": 10, "object_id": "5", "object_repr": "Perfume", "action_flag": 1, "change_message": "[{\"added\": {}}, {\"added\": {\"name\": \"gallery\", \"object\": \"\\u0555\\u056e\\u0561\\u0576\\u0565\\u056c\\u056b\\u0584\"}}, {\"added\": {\"name\": \"gallery\", \"object\": \"\\u0555\\u056e\\u0561\\u0576\\u0565\\u056c\\u056b\\u0584\"}}, {\"added\": {\"name\": \"gallery\", \"object\": \"\\u0555\\u056e\\u0561\\u0576\\u0565\\u056c\\u056b\\u0584\"}}, {\"added\": {\"name\": \"gallery\", \"object\": \"\\u0555\\u056e\\u0561\\u0576\\u0565\\u056c\\u056b\\u0584\"}}, {\"added\": {\"name\": \"gallery\", \"object\": \"\\u0555\\u056e\\u0561\\u0576\\u0565\\u056c\\u056b\\u0584\"}}, {\"added\": {\"name\": \"gallery\", \"object\": \"\\u0555\\u056e\\u0561\\u0576\\u0565\\u056c\\u056b\\u0584\"}}, {\"added\": {\"name\": \"gallery\", \"object\": \"\\u0555\\u056e\\u0561\\u0576\\u0565\\u056c\\u056b\\u0584\"}}]"}}, {"model": "admin.logentry", "pk": 17, "fields": {"action_time": "2021-01-06T12:31:59.951Z", "user": 1, "content_type": 10, "object_id": "5", "object_repr": "Perfume", "action_flag": 2, "change_message": "[{\"changed\": {\"fields\": [\"Content [hy]\", \"Content [en]\"]}}]"}}, {"model": "admin.logentry", "pk": 18, "fields": {"action_time": "2021-01-06T12:42:44.793Z", "user": 1, "content_type": 9, "object_id": "6", "object_repr": "watchC", "action_flag": 1, "change_message": "[{\"added\": {}}]"}}, {"model": "admin.logentry", "pk": 19, "fields": {"action_time": "2021-01-06T13:35:11.737Z", "user": 1, "content_type": 9, "object_id": "5", "object_repr": "PERFUMESW", "action_flag": 2, "change_message": "[{\"changed\": {\"fields\": [\"Title [en]\"]}}]"}}, {"model": "admin.logentry", "pk": 20, "fields": {"action_time": "2021-01-06T13:35:30.727Z", "user": 1, "content_type": 9, "object_id": "6", "object_repr": "WATCHESC", "action_flag": 2, "change_message": "[{\"changed\": {\"fields\": [\"Title [en]\"]}}]"}}, {"model": "admin.logentry", "pk": 21, "fields": {"action_time": "2021-01-06T13:35:43.104Z", "user": 1, "content_type": 9, "object_id": "1", "object_repr": "WATCHESM", "action_flag": 2, "change_message": "[{\"changed\": {\"fields\": [\"Title [en]\"]}}]"}}, {"model": "admin.logentry", "pk": 22, "fields": {"action_time": "2021-01-06T13:35:52.265Z", "user": 1, "content_type": 9, "object_id": "4", "object_repr": "WATCHESW", "action_flag": 2, "change_message": "[{\"changed\": {\"fields\": [\"Title [en]\"]}}]"}}, {"model": "admin.logentry", "pk": 23, "fields": {"action_time": "2021-01-06T13:39:55.650Z", "user": 1, "content_type": 13, "object_id": "1", "object_repr": "Contact object (1)", "action_flag": 1, "change_message": "[{\"added\": {}}]"}}, {"model": "admin.logentry", "pk": 24, "fields": {"action_time": "2021-01-06T14:41:56.374Z", "user": 1, "content_type": 10, "object_id": "5", "object_repr": "Perfume", "action_flag": 2, "change_message": "[{\"changed\": {\"fields\": [\"Is slider item\"]}}]"}}, {"model": "admin.logentry", "pk": 25, "fields": {"action_time": "2021-01-06T14:42:28.113Z", "user": 1, "content_type": 10, "object_id": "4", "object_repr": "Watch", "action_flag": 2, "change_message": "[{\"changed\": {\"fields\": [\"Content [hy]\", \"Content [en]\", \"Is slider item\"]}}]"}}, {"model": "admin.logentry", "pk": 26, "fields": {"action_time": "2021-01-06T14:42:48.103Z", "user": 1, "content_type": 10, "object_id": "3", "object_repr": "Watch", "action_flag": 2, "change_message": "[{\"changed\": {\"fields\": [\"Content [hy]\", \"Content [en]\", \"Is slider item\"]}}]"}}, {"model": "admin.logentry", "pk": 27, "fields": {"action_time": "2021-01-06T14:46:26.401Z", "user": 1, "content_type": 9, "object_id": "7", "object_repr": "DOLLSC", "action_flag": 1, "change_message": "[{\"added\": {}}]"}}, {"model": "admin.logentry", "pk": 28, "fields": {"action_time": "2021-01-06T14:47:05.637Z", "user": 1, "content_type": 10, "object_id": "6", "object_repr": "Doll", "action_flag": 1, "change_message": "[{\"added\": {}}, {\"added\": {\"name\": \"gallery\", \"object\": \"\\u054f\\u056b\\u056f\\u0576\\u056b\\u056f\"}}, {\"added\": {\"name\": \"gallery\", \"object\": \"\\u054f\\u056b\\u056f\\u0576\\u056b\\u056f\"}}, {\"added\": {\"name\": \"gallery\", \"object\": \"\\u054f\\u056b\\u056f\\u0576\\u056b\\u056f\"}}, {\"added\": {\"name\": \"gallery\", \"object\": \"\\u054f\\u056b\\u056f\\u0576\\u056b\\u056f\"}}, {\"added\": {\"name\": \"gallery\", \"object\": \"\\u054f\\u056b\\u056f\\u0576\\u056b\\u056f\"}}, {\"added\": {\"name\": \"gallery\", \"object\": \"\\u054f\\u056b\\u056f\\u0576\\u056b\\u056f\"}}]"}}, {"model": "admin.logentry", "pk": 29, "fields": {"action_time": "2021-01-06T15:22:46.481Z", "user": 1, "content_type": 10, "object_id": "6", "object_repr": "Doll", "action_flag": 2, "change_message": "[{\"changed\": {\"fields\": [\"Content [en]\"]}}]"}}, {"model": "admin.logentry", "pk": 30, "fields": {"action_time": "2021-01-06T16:01:49.988Z", "user": 1, "content_type": 10, "object_id": "5", "object_repr": "Perfume", "action_flag": 2, "change_message": "[{\"changed\": {\"fields\": [\"Content [hy]\"]}}]"}}, {"model": "admin.logentry", "pk": 31, "fields": {"action_time": "2021-01-06T16:02:27.975Z", "user": 1, "content_type": 10, "object_id": "5", "object_repr": "Perfume", "action_flag": 2, "change_message": "[{\"changed\": {\"fields\": [\"Content [hy]\"]}}]"}}, {"model": "admin.logentry", "pk": 32, "fields": {"action_time": "2021-01-06T16:08:03.298Z", "user": 1, "content_type": 10, "object_id": "5", "object_repr": "Perfume", "action_flag": 2, "change_message": "[{\"changed\": {\"fields\": [\"Content [hy]\"]}}]"}}, {"model": "admin.logentry", "pk": 33, "fields": {"action_time": "2021-01-06T16:08:27.762Z", "user": 1, "content_type": 10, "object_id": "5", "object_repr": "Perfume", "action_flag": 2, "change_message": "[{\"changed\": {\"fields\": [\"Content [hy]\"]}}]"}}, {"model": "admin.logentry", "pk": 34, "fields": {"action_time": "2021-01-06T16:21:41.026Z", "user": 1, "content_type": 10, "object_id": "5", "object_repr": "Perfume", "action_flag": 2, "change_message": "[{\"changed\": {\"fields\": [\"Content [hy]\"]}}]"}}, {"model": "admin.logentry", "pk": 35, "fields": {"action_time": "2021-01-06T16:23:26.959Z", "user": 1, "content_type": 10, "object_id": "5", "object_repr": "Perfume", "action_flag": 2, "change_message": "[]"}}, {"model": "admin.logentry", "pk": 36, "fields": {"action_time": "2021-01-06T17:10:42.363Z", "user": 1, "content_type": 10, "object_id": "2", "object_repr": "Hand's watch", "action_flag": 2, "change_message": "[{\"changed\": {\"fields\": [\"Content [hy]\", \"Content [en]\"]}}]"}}, {"model": "admin.logentry", "pk": 37, "fields": {"action_time": "2021-01-06T17:13:13.893Z", "user": 1, "content_type": 10, "object_id": "5", "object_repr": "Perfume", "action_flag": 2, "change_message": "[{\"changed\": {\"fields\": [\"Content [hy]\"]}}]"}}, {"model": "admin.logentry", "pk": 38, "fields": {"action_time": "2021-01-06T18:06:23.227Z", "user": 1, "content_type": 10, "object_id": "4", "object_repr": "Watch", "action_flag": 2, "change_message": "[{\"changed\": {\"name\": \"gallery\", \"object\": \"\\u053a\\u0561\\u0574\", \"fields\": [\"Image\"]}}]"}}, {"model": "admin.logentry", "pk": 39, "fields": {"action_time": "2021-01-06T18:07:13.119Z", "user": 1, "content_type": 10, "object_id": "4", "object_repr": "Watch", "action_flag": 2, "change_message": "[]"}}, {"model": "admin.logentry", "pk": 40, "fields": {"action_time": "2021-01-06T20:05:37.787Z", "user": 1, "content_type": 10, "object_id": "6", "object_repr": "Doll", "action_flag": 2, "change_message": "[{\"changed\": {\"fields\": [\"Content [hy]\"]}}]"}}, {"model": "admin.logentry", "pk": 41, "fields": {"action_time": "2021-01-06T20:06:01.383Z", "user": 1, "content_type": 10, "object_id": "5", "object_repr": "Perfume", "action_flag": 2, "change_message": "[{\"changed\": {\"fields\": [\"Description [hy]\"]}}]"}}, {"model": "admin.logentry", "pk": 42, "fields": {"action_time": "2021-01-06T20:06:20.210Z", "user": 1, "content_type": 10, "object_id": "4", "object_repr": "Watch", "action_flag": 2, "change_message": "[{\"changed\": {\"fields\": [\"Content [hy]\", \"Content [en]\"]}}]"}}, {"model": "admin.logentry", "pk": 43, "fields": {"action_time": "2021-01-06T21:46:54.670Z", "user": 1, "content_type": 10, "object_id": "4", "object_repr": "Ժամ", "action_flag": 2, "change_message": "[{\"changed\": {\"fields\": [\"Description [hy]\"]}}]"}}, {"model": "admin.logentry", "pk": 44, "fields": {"action_time": "2021-01-06T21:47:02.363Z", "user": 1, "content_type": 10, "object_id": "3", "object_repr": "Ժամ", "action_flag": 2, "change_message": "[{\"changed\": {\"fields\": [\"Description [hy]\"]}}]"}}, {"model": "admin.logentry", "pk": 45, "fields": {"action_time": "2021-01-06T21:47:16.151Z", "user": 1, "content_type": 10, "object_id": "2", "object_repr": "Ժամացույց", "action_flag": 2, "change_message": "[{\"changed\": {\"fields\": [\"Description [hy]\"]}}]"}}, {"model": "admin.logentry", "pk": 46, "fields": {"action_time": "2021-01-06T21:47:26.286Z", "user": 1, "content_type": 10, "object_id": "6", "object_repr": "Տիկնիկ", "action_flag": 2, "change_message": "[{\"changed\": {\"fields\": [\"Description [hy]\"]}}]"}}, {"model": "admin.logentry", "pk": 47, "fields": {"action_time": "2021-01-06T21:58:21.817Z", "user": 1, "content_type": 10, "object_id": "5", "object_repr": "Օծանելիք", "action_flag": 2, "change_message": "[{\"changed\": {\"fields\": [\"Description [hy]\"]}}]"}}, {"model": "admin.logentry", "pk": 48, "fields": {"action_time": "2021-01-06T21:59:33.393Z", "user": 1, "content_type": 9, "object_id": "6", "object_repr": "ԺԱՄԵՐC", "action_flag": 2, "change_message": "[{\"changed\": {\"fields\": [\"Title [hy]\"]}}]"}}, {"model": "admin.logentry", "pk": 49, "fields": {"action_time": "2021-01-06T21:59:39.247Z", "user": 1, "content_type": 9, "object_id": "1", "object_repr": "ԺԱՄԵՐM", "action_flag": 2, "change_message": "[{\"changed\": {\"fields\": [\"Title [hy]\"]}}]"}}, {"model": "admin.logentry", "pk": 50, "fields": {"action_time": "2021-01-06T21:59:42.987Z", "user": 1, "content_type": 9, "object_id": "1", "object_repr": "ԺԱՄԵՐM", "action_flag": 2, "change_message": "[]"}}, {"model": "admin.logentry", "pk": 51, "fields": {"action_time": "2021-01-06T21:59:48.154Z", "user": 1, "content_type": 9, "object_id": "4", "object_repr": "ԺԱՄԵՐW", "action_flag": 2, "change_message": "[{\"changed\": {\"fields\": [\"Title [hy]\"]}}]"}}, {"model": "admin.logentry", "pk": 52, "fields": {"action_time": "2021-01-06T21:59:53.476Z", "user": 1, "content_type": 9, "object_id": "7", "object_repr": "ՏԻԿՆԻԿՆԵՐC", "action_flag": 2, "change_message": "[]"}}, {"model": "admin.logentry", "pk": 53, "fields": {"action_time": "2021-01-06T22:00:03.473Z", "user": 1, "content_type": 9, "object_id": "5", "object_repr": "ՕԾԱՆԵԼԻՔՆԵՐW", "action_flag": 2, "change_message": "[{\"changed\": {\"fields\": [\"Title [hy]\"]}}]"}}, {"model": "admin.logentry", "pk": 54, "fields": {"action_time": "2021-01-06T22:57:39.089Z", "user": 1, "content_type": 10, "object_id": "5", "object_repr": "Օծանելիք", "action_flag": 2, "change_message": "[{\"changed\": {\"fields\": [\"Count\"]}}]"}}, {"model": "admin.logentry", "pk": 55, "fields": {"action_time": "2021-01-07T12:59:12.909Z", "user": 1, "content_type": 10, "object_id": "5", "object_repr": "Perfume", "action_flag": 2, "change_message": "[{\"changed\": {\"fields\": [\"Count\"]}}]"}}, {"model": "admin.logentry", "pk": 56, "fields": {"action_time": "2021-01-07T17:25:08.616Z", "user": 1, "content_type": 10, "object_id": "2", "object_repr": "Hand's watch", "action_flag": 2, "change_message": "[{\"added\": {\"name\": \"gallery\", \"object\": \"\\u053a\\u0561\\u0574\\u0561\\u0581\\u0578\\u0582\\u0575\\u0581\"}}]"}}, {"model": "admin.logentry", "pk": 57, "fields": {"action_time": "2021-01-07T17:26:24.643Z", "user": 1, "content_type": 10, "object_id": "2", "object_repr": "Hand's watch", "action_flag": 2, "change_message": "[{\"deleted\": {\"name\": \"gallery\", \"object\": \"\\u053a\\u0561\\u0574\\u0561\\u0581\\u0578\\u0582\\u0575\\u0581\"}}]"}}, {"model": "admin.logentry", "pk": 58, "fields": {"action_time": "2021-01-07T19:14:14.621Z", "user": 1, "content_type": 10, "object_id": "4", "object_repr": "Watch", "action_flag": 2, "change_message": "[{\"changed\": {\"fields\": [\"Count\"]}}]"}}, {"model": "admin.logentry", "pk": 59, "fields": {"action_time": "2021-01-07T19:15:14.005Z", "user": 1, "content_type": 10, "object_id": "6", "object_repr": "Doll", "action_flag": 2, "change_message": "[{\"changed\": {\"fields\": [\"Count\"]}}]"}}, {"model": "admin.logentry", "pk": 60, "fields": {"action_time": "2021-01-07T19:15:25.544Z", "user": 1, "content_type": 10, "object_id": "4", "object_repr": "Watch", "action_flag": 2, "change_message": "[{\"changed\": {\"fields\": [\"Count\"]}}]"}}, {"model": "admin.logentry", "pk": 61, "fields": {"action_time": "2021-01-07T19:54:47.221Z", "user": 1, "content_type": 8, "object_id": "24", "object_repr": "iujh 020202020 jbWatch: 3", "action_flag": 3, "change_message": ""}}, {"model": "admin.logentry", "pk": 62, "fields": {"action_time": "2021-01-07T19:54:47.259Z", "user": 1, "content_type": 8, "object_id": "23", "object_repr": "iujh 020202020 jbPerfume: 29", "action_flag": 3, "change_message": ""}}, {"model": "admin.logentry", "pk": 63, "fields": {"action_time": "2021-01-07T19:54:47.270Z", "user": 1, "content_type": 8, "object_id": "22", "object_repr": "Ccc 222222222 FffDoll: 1", "action_flag": 3, "change_message": ""}}, {"model": "admin.logentry", "pk": 64, "fields": {"action_time": "2021-01-07T19:54:47.281Z", "user": 1, "content_type": 8, "object_id": "21", "object_repr": "Ccc 222222222 FffDoll: 1", "action_flag": 3, "change_message": ""}}, {"model": "admin.logentry", "pk": 65, "fields": {"action_time": "2021-01-07T19:54:47.292Z", "user": 1, "content_type": 8, "object_id": "20", "object_repr": "Asas 077790532 AssssDoll: 1", "action_flag": 3, "change_message": ""}}, {"model": "admin.logentry", "pk": 66, "fields": {"action_time": "2021-01-07T19:54:47.303Z", "user": 1, "content_type": 8, "object_id": "19", "object_repr": "njjk 000000000 klnlPerfume: 3", "action_flag": 3, "change_message": ""}}, {"model": "admin.logentry", "pk": 67, "fields": {"action_time": "2021-01-07T19:54:47.314Z", "user": 1, "content_type": 8, "object_id": "18", "object_repr": "njjk 000000000 klnlPerfume: 3", "action_flag": 3, "change_message": ""}}, {"model": "admin.logentry", "pk": 68, "fields": {"action_time": "2021-01-07T19:54:47.325Z", "user": 1, "content_type": 8, "object_id": "17", "object_repr": "jnjn 033221122 kknPerfume: 3", "action_flag": 3, "change_message": ""}}, {"model": "admin.logentry", "pk": 69, "fields": {"action_time": "2021-01-07T19:54:47.336Z", "user": 1, "content_type": 8, "object_id": "16", "object_repr": "Meruzhan 077806266 ՎանաձորDoll: 1", "action_flag": 3, "change_message": ""}}, {"model": "admin.logentry", "pk": 70, "fields": {"action_time": "2021-01-07T19:54:47.347Z", "user": 1, "content_type": 8, "object_id": "13", "object_repr": "kbkjk 000111222 njnnnnnnnnnnnnnDoll: 1", "action_flag": 3, "change_message": ""}}, {"model": "admin.logentry", "pk": 71, "fields": {"action_time": "2021-01-07T19:54:47.359Z", "user": 1, "content_type": 8, "object_id": "12", "object_repr": "kbkjk 000111222 njnnnnnnnnnnnnnDoll: 1", "action_flag": 3, "change_message": ""}}, {"model": "admin.logentry", "pk": 72, "fields": {"action_time": "2021-01-07T19:54:47.370Z", "user": 1, "content_type": 8, "object_id": "11", "object_repr": "kbkjk 000111222 njnnnnnnnnnnnnnDoll: 1", "action_flag": 3, "change_message": ""}}, {"model": "admin.logentry", "pk": 73, "fields": {"action_time": "2021-01-07T19:54:47.381Z", "user": 1, "content_type": 8, "object_id": "10", "object_repr": "kbkjk 000111222 njnnnnnnnnnnnnnDoll: 1", "action_flag": 3, "change_message": ""}}, {"model": "admin.logentry", "pk": 74, "fields": {"action_time": "2021-01-07T19:54:47.392Z", "user": 1, "content_type": 8, "object_id": "9", "object_repr": "kbkjk 000111222 njnnnnnnnnnnnnnDoll: 1", "action_flag": 3, "change_message": ""}}, {"model": "admin.logentry", "pk": 75, "fields": {"action_time": "2021-01-07T19:54:47.403Z", "user": 1, "content_type": 8, "object_id": "8", "object_repr": "khb 010101010 jbjkjhkjjjjjjjjjjjjDoll: 3", "action_flag": 3, "change_message": ""}}, {"model": "admin.logentry", "pk": 76, "fields": {"action_time": "2021-01-07T19:54:47.414Z", "user": 1, "content_type": 8, "object_id": "7", "object_repr": "ibb 020202020 kjnDoll: 5", "action_flag": 3, "change_message": ""}}, {"model": "admin.logentry", "pk": 77, "fields": {"action_time": "2021-01-07T19:54:47.425Z", "user": 1, "content_type": 8, "object_id": "6", "object_repr": "Ruzanna hakobyan 093621568 TaronWatch: 1", "action_flag": 3, "change_message": ""}}, {"model": "admin.logentry", "pk": 78, "fields": {"action_time": "2021-01-07T19:54:47.436Z", "user": 1, "content_type": 8, "object_id": "5", "object_repr": "Ruzanna hakobyan 093621568 TaronPerfume: 2", "action_flag": 3, "change_message": ""}}, {"model": "admin.logentry", "pk": 79, "fields": {"action_time": "2021-01-07T19:54:47.447Z", "user": 1, "content_type": 8, "object_id": "4", "object_repr": "Ruzanna hakobyan 093621568 TaronWatch: 1", "action_flag": 3, "change_message": ""}}, {"model": "admin.logentry", "pk": 80, "fields": {"action_time": "2021-01-07T19:54:47.458Z", "user": 1, "content_type": 8, "object_id": "3", "object_repr": "Ykh 088999999 UtuftfWatch: 3", "action_flag": 3, "change_message": ""}}, {"model": "admin.logentry", "pk": 81, "fields": {"action_time": "2021-01-07T19:54:47.470Z", "user": 1, "content_type": 8, "object_id": "2", "object_repr": "T66g5 077808080 Gtg4gWatch: 1", "action_flag": 3, "change_message": ""}}, {"model": "admin.logentry", "pk": 82, "fields": {"action_time": "2021-01-07T19:54:47.480Z", "user": 1, "content_type": 8, "object_id": "1", "object_repr": "Meruzhan U 077806266 VanadzorHand's watch: 1", "action_flag": 3, "change_message": ""}}, {"model": "admin.logentry", "pk": 83, "fields": {"action_time": "2021-01-07T19:55:54.449Z", "user": 1, "content_type": 16, "object_id": "34", "object_repr": "lkkkl 030303030 jjjki", "action_flag": 3, "change_message": ""}}, {"model": "admin.logentry", "pk": 84, "fields": {"action_time": "2021-01-07T19:55:54.478Z", "user": 1, "content_type": 16, "object_id": "33", "object_repr": "lkkkl 030303030 jjjki", "action_flag": 3, "change_message": ""}}, {"model": "admin.logentry", "pk": 85, "fields": {"action_time": "2021-01-07T19:55:54.512Z", "user": 1, "content_type": 16, "object_id": "32", "object_repr": "lkkkl 030303030 jjjki", "action_flag": 3, "change_message": ""}}, {"model": "admin.logentry", "pk": 86, "fields": {"action_time": "2021-01-07T19:55:54.523Z", "user": 1, "content_type": 16, "object_id": "31", "object_repr": "lkkkl 030303030 jjjki", "action_flag": 3, "change_message": ""}}, {"model": "admin.logentry", "pk": 87, "fields": {"action_time": "2021-01-07T19:55:54.534Z", "user": 1, "content_type": 16, "object_id": "30", "object_repr": "lkkkl 030303030 jjjki", "action_flag": 3, "change_message": ""}}, {"model": "admin.logentry", "pk": 88, "fields": {"action_time": "2021-01-07T19:55:54.545Z", "user": 1, "content_type": 16, "object_id": "29", "object_repr": "lkkkl 030303030 jjjki", "action_flag": 3, "change_message": ""}}, {"model": "admin.logentry", "pk": 89, "fields": {"action_time": "2021-01-07T19:55:54.556Z", "user": 1, "content_type": 16, "object_id": "28", "object_repr": "oiju 011101010 hhoh", "action_flag": 3, "change_message": ""}}, {"model": "admin.logentry", "pk": 90, "fields": {"action_time": "2021-01-07T19:55:54.567Z", "user": 1, "content_type": 16, "object_id": "27", "object_repr": "oiju 011101010 hhoh", "action_flag": 3, "change_message": ""}}, {"model": "admin.logentry", "pk": 91, "fields": {"action_time": "2021-01-07T19:55:54.578Z", "user": 1, "content_type": 16, "object_id": "26", "object_repr": "oiju 011101010 hhoh", "action_flag": 3, "change_message": ""}}, {"model": "admin.logentry", "pk": 92, "fields": {"action_time": "2021-01-07T19:55:54.590Z", "user": 1, "content_type": 16, "object_id": "25", "object_repr": "oiju 011101010 hhoh", "action_flag": 3, "change_message": ""}}, {"model": "admin.logentry", "pk": 93, "fields": {"action_time": "2021-01-07T19:55:54.601Z", "user": 1, "content_type": 16, "object_id": "24", "object_repr": "oiju 011101010 hhoh", "action_flag": 3, "change_message": ""}}, {"model": "admin.logentry", "pk": 94, "fields": {"action_time": "2021-01-07T19:55:54.612Z", "user": 1, "content_type": 16, "object_id": "23", "object_repr": "oiju 011101010 hhoh", "action_flag": 3, "change_message": ""}}, {"model": "admin.logentry", "pk": 95, "fields": {"action_time": "2021-01-07T19:55:54.623Z", "user": 1, "content_type": 16, "object_id": "22", "object_repr": "iujh 020202020 jb", "action_flag": 3, "change_message": ""}}, {"model": "admin.logentry", "pk": 96, "fields": {"action_time": "2021-01-07T19:55:54.634Z", "user": 1, "content_type": 16, "object_id": "21", "object_repr": "Ccc 222222222 Fff", "action_flag": 3, "change_message": ""}}, {"model": "admin.logentry", "pk": 97, "fields": {"action_time": "2021-01-07T19:55:54.645Z", "user": 1, "content_type": 16, "object_id": "20", "object_repr": "Ccc 222222222 Fff", "action_flag": 3, "change_message": ""}}, {"model": "admin.logentry", "pk": 98, "fields": {"action_time": "2021-01-07T19:55:54.656Z", "user": 1, "content_type": 16, "object_id": "19", "object_repr": "Asas 077790532 Assss", "action_flag": 3, "change_message": ""}}, {"model": "admin.logentry", "pk": 99, "fields": {"action_time": "2021-01-07T19:55:54.667Z", "user": 1, "content_type": 16, "object_id": "18", "object_repr": "njjk 000000000 klnl", "action_flag": 3, "change_message": ""}}, {"model": "admin.logentry", "pk": 100, "fields": {"action_time": "2021-01-07T19:55:54.678Z", "user": 1, "content_type": 16, "object_id": "17", "object_repr": "njjk 000000000 klnl", "action_flag": 3, "change_message": ""}}, {"model": "admin.logentry", "pk": 101, "fields": {"action_time": "2021-01-07T19:55:54.690Z", "user": 1, "content_type": 16, "object_id": "16", "object_repr": "jnjn 033221122 kkn", "action_flag": 3, "change_message": ""}}, {"model": "admin.logentry", "pk": 102, "fields": {"action_time": "2021-01-07T19:55:54.701Z", "user": 1, "content_type": 16, "object_id": "15", "object_repr": "Meruzhan 077806266 Վանաձոր", "action_flag": 3, "change_message": ""}}, {"model": "admin.logentry", "pk": 103, "fields": {"action_time": "2021-01-07T19:55:54.712Z", "user": 1, "content_type": 16, "object_id": "13", "object_repr": "kbkjk 000111222 njnnnnnnnnnnnnn", "action_flag": 3, "change_message": ""}}, {"model": "admin.logentry", "pk": 104, "fields": {"action_time": "2021-01-07T19:55:54.723Z", "user": 1, "content_type": 16, "object_id": "12", "object_repr": "kbkjk 000111222 njnnnnnnnnnnnnn", "action_flag": 3, "change_message": ""}}, {"model": "admin.logentry", "pk": 105, "fields": {"action_time": "2021-01-07T19:55:54.734Z", "user": 1, "content_type": 16, "object_id": "11", "object_repr": "kbkjk 000111222 njnnnnnnnnnnnnn", "action_flag": 3, "change_message": ""}}, {"model": "admin.logentry", "pk": 106, "fields": {"action_time": "2021-01-07T19:55:54.745Z", "user": 1, "content_type": 16, "object_id": "10", "object_repr": "kbkjk 000111222 njnnnnnnnnnnnnn", "action_flag": 3, "change_message": ""}}, {"model": "admin.logentry", "pk": 107, "fields": {"action_time": "2021-01-07T19:55:54.756Z", "user": 1, "content_type": 16, "object_id": "9", "object_repr": "kbkjk 000111222 njnnnnnnnnnnnnn", "action_flag": 3, "change_message": ""}}, {"model": "admin.logentry", "pk": 108, "fields": {"action_time": "2021-01-07T19:55:54.767Z", "user": 1, "content_type": 16, "object_id": "8", "object_repr": "kbkjk 000111222 njnnnnnnnnnnnnn", "action_flag": 3, "change_message": ""}}, {"model": "admin.logentry", "pk": 109, "fields": {"action_time": "2021-01-07T19:55:54.778Z", "user": 1, "content_type": 16, "object_id": "7", "object_repr": "khb 010101010 jbjkjhkjjjjjjjjjjjj", "action_flag": 3, "change_message": ""}}, {"model": "admin.logentry", "pk": 110, "fields": {"action_time": "2021-01-07T19:55:54.790Z", "user": 1, "content_type": 16, "object_id": "6", "object_repr": "ibb 020202020 kjn", "action_flag": 3, "change_message": ""}}, {"model": "admin.logentry", "pk": 111, "fields": {"action_time": "2021-01-07T19:55:54.801Z", "user": 1, "content_type": 16, "object_id": "5", "object_repr": "Ruzanna hakobyan 093621568 Taron", "action_flag": 3, "change_message": ""}}, {"model": "admin.logentry", "pk": 112, "fields": {"action_time": "2021-01-07T19:55:54.812Z", "user": 1, "content_type": 16, "object_id": "4", "object_repr": "Ykh 088999999 Utuftf", "action_flag": 3, "change_message": ""}}, {"model": "admin.logentry", "pk": 113, "fields": {"action_time": "2021-01-07T19:55:54.823Z", "user": 1, "content_type": 16, "object_id": "3", "object_repr": "T66g5 077808080 Gtg4g", "action_flag": 3, "change_message": ""}}, {"model": "admin.logentry", "pk": 114, "fields": {"action_time": "2021-01-07T19:55:54.834Z", "user": 1, "content_type": 16, "object_id": "2", "object_repr": "Unanyan 077806266 Vanadzor, Taron 1 4/8", "action_flag": 3, "change_message": ""}}, {"model": "admin.logentry", "pk": 115, "fields": {"action_time": "2021-01-07T19:55:54.845Z", "user": 1, "content_type": 16, "object_id": "1", "object_repr": "Meruzhan U 077806266 Vanadzor", "action_flag": 3, "change_message": ""}}, {"model": "admin.logentry", "pk": 116, "fields": {"action_time": "2021-01-07T20:47:07.771Z", "user": 1, "content_type": 8, "object_id": "28", "object_repr": "jnnjj 020202020 njnjnWatch: 3", "action_flag": 3, "change_message": ""}}, {"model": "admin.logentry", "pk": 117, "fields": {"action_time": "2021-01-07T20:47:07.789Z", "user": 1, "content_type": 8, "object_id": "27", "object_repr": "jnnjj 020202020 njnjnPerfume: 29", "action_flag": 3, "change_message": ""}}, {"model": "admin.logentry", "pk": 118, "fields": {"action_time": "2021-01-07T20:47:07.800Z", "user": 1, "content_type": 8, "object_id": "26", "object_repr": "knnknk 000000000 ljjWatch: 3", "action_flag": 3, "change_message": ""}}, {"model": "admin.logentry", "pk": 119, "fields": {"action_time": "2021-01-07T20:47:07.812Z", "user": 1, "content_type": 8, "object_id": "25", "object_repr": "knnknk 000000000 ljjPerfume: 29", "action_flag": 3, "change_message": ""}}, {"model": "admin.logentry", "pk": 120, "fields": {"action_time": "2021-01-07T20:48:23.378Z", "user": 1, "content_type": 7, "object_id": "36", "object_repr": "Perfume: 29", "action_flag": 3, "change_message": ""}}, {"model": "admin.logentry", "pk": 121, "fields": {"action_time": "2021-01-07T20:48:23.452Z", "user": 1, "content_type": 7, "object_id": "35", "object_repr": "Perfume: 29", "action_flag": 3, "change_message": ""}}, {"model": "admin.logentry", "pk": 122, "fields": {"action_time": "2021-01-07T20:48:23.464Z", "user": 1, "content_type": 7, "object_id": "34", "object_repr": "Perfume: 29", "action_flag": 3, "change_message": ""}}, {"model": "admin.logentry", "pk": 123, "fields": {"action_time": "2021-01-07T20:48:23.475Z", "user": 1, "content_type": 7, "object_id": "33", "object_repr": "Perfume: 29", "action_flag": 3, "change_message": ""}}, {"model": "admin.logentry", "pk": 124, "fields": {"action_time": "2021-01-07T20:48:23.486Z", "user": 1, "content_type": 7, "object_id": "32", "object_repr": "Watch: 3", "action_flag": 3, "change_message": ""}}, {"model": "admin.logentry", "pk": 125, "fields": {"action_time": "2021-01-07T20:48:23.497Z", "user": 1, "content_type": 7, "object_id": "31", "object_repr": "Perfume: 29", "action_flag": 3, "change_message": ""}}, {"model": "admin.logentry", "pk": 126, "fields": {"action_time": "2021-01-07T20:48:23.508Z", "user": 1, "content_type": 7, "object_id": "30", "object_repr": "Watch: 3", "action_flag": 3, "change_message": ""}}, {"model": "admin.logentry", "pk": 127, "fields": {"action_time": "2021-01-07T20:48:23.519Z", "user": 1, "content_type": 7, "object_id": "29", "object_repr": "Perfume: 29", "action_flag": 3, "change_message": ""}}, {"model": "admin.logentry", "pk": 128, "fields": {"action_time": "2021-01-07T20:48:23.530Z", "user": 1, "content_type": 7, "object_id": "28", "object_repr": "Perfume: 29", "action_flag": 3, "change_message": ""}}, {"model": "admin.logentry", "pk": 129, "fields": {"action_time": "2021-01-07T20:48:23.542Z", "user": 1, "content_type": 7, "object_id": "27", "object_repr": "Perfume: 29", "action_flag": 3, "change_message": ""}}, {"model": "admin.logentry", "pk": 130, "fields": {"action_time": "2021-01-07T20:48:23.553Z", "user": 1, "content_type": 7, "object_id": "26", "object_repr": "Perfume: 29", "action_flag": 3, "change_message": ""}}, {"model": "admin.logentry", "pk": 131, "fields": {"action_time": "2021-01-07T20:48:23.563Z", "user": 1, "content_type": 7, "object_id": "25", "object_repr": "Watch: 3", "action_flag": 3, "change_message": ""}}, {"model": "admin.logentry", "pk": 132, "fields": {"action_time": "2021-01-07T20:48:23.575Z", "user": 1, "content_type": 7, "object_id": "24", "object_repr": "Perfume: 29", "action_flag": 3, "change_message": ""}}, {"model": "admin.logentry", "pk": 133, "fields": {"action_time": "2021-01-07T20:48:23.586Z", "user": 1, "content_type": 7, "object_id": "23", "object_repr": "Doll: 1", "action_flag": 3, "change_message": ""}}, {"model": "admin.logentry", "pk": 134, "fields": {"action_time": "2021-01-07T20:48:23.597Z", "user": 1, "content_type": 7, "object_id": "22", "object_repr": "Doll: 1", "action_flag": 3, "change_message": ""}}, {"model": "admin.logentry", "pk": 135, "fields": {"action_time": "2021-01-07T20:48:23.608Z", "user": 1, "content_type": 7, "object_id": "21", "object_repr": "Doll: 1", "action_flag": 3, "change_message": ""}}, {"model": "admin.logentry", "pk": 136, "fields": {"action_time": "2021-01-07T20:48:23.619Z", "user": 1, "content_type": 7, "object_id": "20", "object_repr": "Perfume: 3", "action_flag": 3, "change_message": ""}}, {"model": "admin.logentry", "pk": 137, "fields": {"action_time": "2021-01-07T20:48:23.630Z", "user": 1, "content_type": 7, "object_id": "19", "object_repr": "Perfume: 3", "action_flag": 3, "change_message": ""}}, {"model": "admin.logentry", "pk": 138, "fields": {"action_time": "2021-01-07T20:48:23.641Z", "user": 1, "content_type": 7, "object_id": "18", "object_repr": "Perfume: 3", "action_flag": 3, "change_message": ""}}, {"model": "admin.logentry", "pk": 139, "fields": {"action_time": "2021-01-07T20:48:23.652Z", "user": 1, "content_type": 7, "object_id": "17", "object_repr": "Doll: 1", "action_flag": 3, "change_message": ""}}, {"model": "admin.logentry", "pk": 140, "fields": {"action_time": "2021-01-07T20:48:23.663Z", "user": 1, "content_type": 7, "object_id": "16", "object_repr": "Watch: 3", "action_flag": 3, "change_message": ""}}, {"model": "admin.logentry", "pk": 141, "fields": {"action_time": "2021-01-07T20:48:23.674Z", "user": 1, "content_type": 7, "object_id": "15", "object_repr": "Doll: 1", "action_flag": 3, "change_message": ""}}, {"model": "admin.logentry", "pk": 142, "fields": {"action_time": "2021-01-07T20:48:23.686Z", "user": 1, "content_type": 7, "object_id": "14", "object_repr": "Doll: 1", "action_flag": 3, "change_message": ""}}, {"model": "admin.logentry", "pk": 143, "fields": {"action_time": "2021-01-07T20:48:23.697Z", "user": 1, "content_type": 7, "object_id": "13", "object_repr": "Doll: 1", "action_flag": 3, "change_message": ""}}, {"model": "admin.logentry", "pk": 144, "fields": {"action_time": "2021-01-07T20:48:23.708Z", "user": 1, "content_type": 7, "object_id": "12", "object_repr": "Doll: 1", "action_flag": 3, "change_message": ""}}, {"model": "admin.logentry", "pk": 145, "fields": {"action_time": "2021-01-07T20:48:23.719Z", "user": 1, "content_type": 7, "object_id": "11", "object_repr": "Doll: 1", "action_flag": 3, "change_message": ""}}, {"model": "admin.logentry", "pk": 146, "fields": {"action_time": "2021-01-07T20:48:23.730Z", "user": 1, "content_type": 7, "object_id": "10", "object_repr": "Doll: 1", "action_flag": 3, "change_message": ""}}, {"model": "admin.logentry", "pk": 147, "fields": {"action_time": "2021-01-07T20:48:23.741Z", "user": 1, "content_type": 7, "object_id": "9", "object_repr": "Doll: 1", "action_flag": 3, "change_message": ""}}, {"model": "admin.logentry", "pk": 148, "fields": {"action_time": "2021-01-07T20:48:23.752Z", "user": 1, "content_type": 7, "object_id": "8", "object_repr": "Doll: 3", "action_flag": 3, "change_message": ""}}, {"model": "admin.logentry", "pk": 149, "fields": {"action_time": "2021-01-07T20:48:23.763Z", "user": 1, "content_type": 7, "object_id": "7", "object_repr": "Doll: 5", "action_flag": 3, "change_message": ""}}, {"model": "admin.logentry", "pk": 150, "fields": {"action_time": "2021-01-07T20:48:23.774Z", "user": 1, "content_type": 7, "object_id": "6", "object_repr": "Watch: 1", "action_flag": 3, "change_message": ""}}, {"model": "admin.logentry", "pk": 151, "fields": {"action_time": "2021-01-07T20:48:23.785Z", "user": 1, "content_type": 7, "object_id": "5", "object_repr": "Perfume: 2", "action_flag": 3, "change_message": ""}}, {"model": "admin.logentry", "pk": 152, "fields": {"action_time": "2021-01-07T20:48:23.808Z", "user": 1, "content_type": 7, "object_id": "4", "object_repr": "Watch: 1", "action_flag": 3, "change_message": ""}}, {"model": "admin.logentry", "pk": 153, "fields": {"action_time": "2021-01-07T20:48:23.819Z", "user": 1, "content_type": 7, "object_id": "3", "object_repr": "Watch: 3", "action_flag": 3, "change_message": ""}}, {"model": "admin.logentry", "pk": 154, "fields": {"action_time": "2021-01-07T20:48:23.830Z", "user": 1, "content_type": 7, "object_id": "2", "object_repr": "Watch: 1", "action_flag": 3, "change_message": ""}}, {"model": "admin.logentry", "pk": 155, "fields": {"action_time": "2021-01-07T20:48:23.841Z", "user": 1, "content_type": 7, "object_id": "1", "object_repr": "Hand's watch: 1", "action_flag": 3, "change_message": ""}}, {"model": "admin.logentry", "pk": 156, "fields": {"action_time": "2021-01-07T20:48:44.468Z", "user": 1, "content_type": 16, "object_id": "58", "object_repr": "kbhkbh 055555555 jnjkkj", "action_flag": 3, "change_message": ""}}, {"model": "admin.logentry", "pk": 157, "fields": {"action_time": "2021-01-07T20:48:44.487Z", "user": 1, "content_type": 16, "object_id": "57", "object_repr": "kbhkbh 055555555 jnjkkj", "action_flag": 3, "change_message": ""}}, {"model": "admin.logentry", "pk": 158, "fields": {"action_time": "2021-01-07T20:48:44.498Z", "user": 1, "content_type": 16, "object_id": "56", "object_repr": "kbhkbh 055555555 jnjkkj", "action_flag": 3, "change_message": ""}}, {"model": "admin.logentry", "pk": 159, "fields": {"action_time": "2021-01-07T20:48:44.509Z", "user": 1, "content_type": 16, "object_id": "55", "object_repr": "kbhkbh 055555555 jnjkkj", "action_flag": 3, "change_message": ""}}, {"model": "admin.logentry", "pk": 160, "fields": {"action_time": "2021-01-07T20:48:44.520Z", "user": 1, "content_type": 16, "object_id": "54", "object_repr": "kbhkbh 055555555 jnjkkj", "action_flag": 3, "change_message": ""}}, {"model": "admin.logentry", "pk": 161, "fields": {"action_time": "2021-01-07T20:48:44.532Z", "user": 1, "content_type": 16, "object_id": "53", "object_repr": "kbhkbh 055555555 jnjkkj", "action_flag": 3, "change_message": ""}}, {"model": "admin.logentry", "pk": 162, "fields": {"action_time": "2021-01-07T20:48:44.543Z", "user": 1, "content_type": 16, "object_id": "52", "object_repr": "kbhkbh 055555555 jnjkkj", "action_flag": 3, "change_message": ""}}, {"model": "admin.logentry", "pk": 163, "fields": {"action_time": "2021-01-07T20:48:44.554Z", "user": 1, "content_type": 16, "object_id": "51", "object_repr": "kbhkbh 055555555 jnjkkj", "action_flag": 3, "change_message": ""}}, {"model": "admin.logentry", "pk": 164, "fields": {"action_time": "2021-01-07T20:48:44.565Z", "user": 1, "content_type": 16, "object_id": "50", "object_repr": "jnnjj 020202020 njnjn", "action_flag": 3, "change_message": ""}}, {"model": "admin.logentry", "pk": 165, "fields": {"action_time": "2021-01-07T20:48:44.576Z", "user": 1, "content_type": 16, "object_id": "49", "object_repr": "jnnjj 020202020 njnjn", "action_flag": 3, "change_message": ""}}, {"model": "admin.logentry", "pk": 166, "fields": {"action_time": "2021-01-07T20:48:44.587Z", "user": 1, "content_type": 16, "object_id": "48", "object_repr": "jnnjj 020202020 njnjn", "action_flag": 3, "change_message": ""}}, {"model": "admin.logentry", "pk": 167, "fields": {"action_time": "2021-01-07T20:48:44.598Z", "user": 1, "content_type": 16, "object_id": "47", "object_repr": "jnnjj 020202020 njnjn", "action_flag": 3, "change_message": ""}}, {"model": "admin.logentry", "pk": 168, "fields": {"action_time": "2021-01-07T20:48:44.609Z", "user": 1, "content_type": 16, "object_id": "46", "object_repr": "jnnjj 020202020 njnjn", "action_flag": 3, "change_message": ""}}, {"model": "admin.logentry", "pk": 169, "fields": {"action_time": "2021-01-07T20:48:44.632Z", "user": 1, "content_type": 16, "object_id": "45", "object_repr": "jnnjj 020202020 njnjn", "action_flag": 3, "change_message": ""}}, {"model": "admin.logentry", "pk": 170, "fields": {"action_time": "2021-01-07T20:48:44.642Z", "user": 1, "content_type": 16, "object_id": "44", "object_repr": "jnnjj 020202020 njnjn", "action_flag": 3, "change_message": ""}}, {"model": "admin.logentry", "pk": 171, "fields": {"action_time": "2021-01-07T20:48:44.653Z", "user": 1, "content_type": 16, "object_id": "43", "object_repr": "jnjkbj 033333333 kbkbhbh", "action_flag": 3, "change_message": ""}}, {"model": "admin.logentry", "pk": 172, "fields": {"action_time": "2021-01-07T20:48:44.665Z", "user": 1, "content_type": 16, "object_id": "42", "object_repr": "jnjn 099999999 knnk ", "action_flag": 3, "change_message": ""}}, {"model": "admin.logentry", "pk": 173, "fields": {"action_time": "2021-01-07T20:48:44.676Z", "user": 1, "content_type": 16, "object_id": "41", "object_repr": "knnknk 000000000 ljj", "action_flag": 3, "change_message": ""}}, {"model": "admin.logentry", "pk": 174, "fields": {"action_time": "2021-01-07T20:48:44.687Z", "user": 1, "content_type": 16, "object_id": "40", "object_repr": "knnknk 000000000 ljj", "action_flag": 3, "change_message": ""}}, {"model": "admin.logentry", "pk": 175, "fields": {"action_time": "2021-01-07T20:48:44.698Z", "user": 1, "content_type": 16, "object_id": "39", "object_repr": "knnknk 000000000 ljj", "action_flag": 3, "change_message": ""}}, {"model": "admin.logentry", "pk": 176, "fields": {"action_time": "2021-01-07T20:48:44.709Z", "user": 1, "content_type": 16, "object_id": "38", "object_repr": "knnknk 000000000 ljj", "action_flag": 3, "change_message": ""}}, {"model": "admin.logentry", "pk": 177, "fields": {"action_time": "2021-01-07T20:48:44.720Z", "user": 1, "content_type": 16, "object_id": "37", "object_repr": "lkkkl 030303030 jjjki", "action_flag": 3, "change_message": ""}}, {"model": "admin.logentry", "pk": 178, "fields": {"action_time": "2021-01-07T20:48:44.731Z", "user": 1, "content_type": 16, "object_id": "36", "object_repr": "lkkkl 030303030 jjjki", "action_flag": 3, "change_message": ""}}, {"model": "admin.logentry", "pk": 179, "fields": {"action_time": "2021-01-07T20:48:44.743Z", "user": 1, "content_type": 16, "object_id": "14", "object_repr": "Մերուժան Ունանյան 077806266 ք․ Վանաձոր, Տարոն 1 4/8", "action_flag": 3, "change_message": ""}}, {"model": "admin.logentry", "pk": 180, "fields": {"action_time": "2021-01-07T20:53:59.849Z", "user": 1, "content_type": 16, "object_id": "59", "object_repr": "jnn 000000000 MERON", "action_flag": 3, "change_message": ""}}, {"model": "admin.logentry", "pk": 181, "fields": {"action_time": "2021-01-07T20:54:21.227Z", "user": 1, "content_type": 7, "object_id": "37", "object_repr": "Perfume: 29", "action_flag": 3, "change_message": ""}}, {"model": "admin.logentry", "pk": 182, "fields": {"action_time": "2021-01-07T21:07:18.846Z", "user": 1, "content_type": 10, "object_id": "6", "object_repr": "Doll", "action_flag": 2, "change_message": "[{\"changed\": {\"fields\": [\"Description [en]\"]}}]"}}, {"model": "admin.logentry", "pk": 183, "fields": {"action_time": "2021-01-07T21:08:43.807Z", "user": 1, "content_type": 10, "object_id": "6", "object_repr": "Doll", "action_flag": 2, "change_message": "[{\"changed\": {\"fields\": [\"Description [hy]\", \"Description [en]\"]}}]"}}, {"model": "admin.logentry", "pk": 184, "fields": {"action_time": "2021-01-07T21:10:46.833Z", "user": 1, "content_type": 10, "object_id": "2", "object_repr": "Hand's watch", "action_flag": 2, "change_message": "[{\"changed\": {\"fields\": [\"Is slider item\"]}}]"}}, {"model": "admin.logentry", "pk": 185, "fields": {"action_time": "2021-01-07T21:11:11.822Z", "user": 1, "content_type": 10, "object_id": "5", "object_repr": "Perfume", "action_flag": 2, "change_message": "[{\"changed\": {\"fields\": [\"Count\"]}}]"}}, {"model": "admin.logentry", "pk": 186, "fields": {"action_time": "2021-01-07T21:21:57.006Z", "user": 1, "content_type": 9, "object_id": "8", "object_repr": "KITCHEN UTENSILSW", "action_flag": 1, "change_message": "[{\"added\": {}}]"}}, {"model": "admin.logentry", "pk": 187, "fields": {"action_time": "2021-01-07T21:22:58.357Z", "user": 1, "content_type": 10, "object_id": "7", "object_repr": "Dryer", "action_flag": 1, "change_message": "[{\"added\": {}}, {\"added\": {\"name\": \"gallery\", \"object\": \"\\u0531\\u0574\\u0561\\u0576\\u0576\\u0565\\u0580\\u0568 \\u0579\\u0578\\u0580\\u0561\\u0581\\u0576\\u0565\\u056c\\u0578\\u0582 \\u057a\\u0561\\u0580\\u0561\\u0563\\u0561\"}}, {\"added\": {\"name\": \"gallery\", \"object\": \"\\u0531\\u0574\\u0561\\u0576\\u0576\\u0565\\u0580\\u0568 \\u0579\\u0578\\u0580\\u0561\\u0581\\u0576\\u0565\\u056c\\u0578\\u0582 \\u057a\\u0561\\u0580\\u0561\\u0563\\u0561\"}}, {\"added\": {\"name\": \"gallery\", \"object\": \"\\u0531\\u0574\\u0561\\u0576\\u0576\\u0565\\u0580\\u0568 \\u0579\\u0578\\u0580\\u0561\\u0581\\u0576\\u0565\\u056c\\u0578\\u0582 \\u057a\\u0561\\u0580\\u0561\\u0563\\u0561\"}}]"}}, {"model": "admin.logentry", "pk": 188, "fields": {"action_time": "2021-01-07T21:24:49.539Z", "user": 1, "content_type": 10, "object_id": "7", "object_repr": "Dryer", "action_flag": 2, "change_message": "[{\"changed\": {\"fields\": [\"Description [hy]\"]}}]"}}, {"model": "admin.logentry", "pk": 189, "fields": {"action_time": "2021-01-07T21:25:58.312Z", "user": 1, "content_type": 10, "object_id": "7", "object_repr": "Dryer", "action_flag": 2, "change_message": "[{\"changed\": {\"fields\": [\"Description [hy]\"]}}]"}}, {"model": "admin.logentry", "pk": 190, "fields": {"action_time": "2021-01-07T21:28:07.355Z", "user": 1, "content_type": 10, "object_id": "7", "object_repr": "Dryer", "action_flag": 2, "change_message": "[{\"changed\": {\"fields\": [\"Description [hy]\"]}}]"}}, {"model": "admin.logentry", "pk": 191, "fields": {"action_time": "2021-01-07T21:42:00.135Z", "user": 1, "content_type": 10, "object_id": "8", "object_repr": "D & K", "action_flag": 1, "change_message": "[{\"added\": {}}, {\"added\": {\"name\": \"gallery\", \"object\": \"\\u053a\\u0561\\u0574\\u0561\\u0581\\u0578\\u0582\\u0575\\u0581\"}}, {\"added\": {\"name\": \"gallery\", \"object\": \"\\u053a\\u0561\\u0574\\u0561\\u0581\\u0578\\u0582\\u0575\\u0581\"}}, {\"added\": {\"name\": \"gallery\", \"object\": \"\\u053a\\u0561\\u0574\\u0561\\u0581\\u0578\\u0582\\u0575\\u0581\"}}, {\"added\": {\"name\": \"gallery\", \"object\": \"\\u053a\\u0561\\u0574\\u0561\\u0581\\u0578\\u0582\\u0575\\u0581\"}}, {\"added\": {\"name\": \"gallery\", \"object\": \"\\u053a\\u0561\\u0574\\u0561\\u0581\\u0578\\u0582\\u0575\\u0581\"}}]"}}, {"model": "admin.logentry", "pk": 192, "fields": {"action_time": "2021-01-07T21:59:58.885Z", "user": 1, "content_type": 16, "object_id": "61", "object_repr": "Մերուժան Ունանյան 077806266 ք․ Վանաձոր, Տարոն 1 4/8", "action_flag": 3, "change_message": ""}}, {"model": "admin.logentry", "pk": 193, "fields": {"action_time": "2021-01-07T21:59:58.901Z", "user": 1, "content_type": 16, "object_id": "60", "object_repr": "Meruzhan 000000000 Vanadzor", "action_flag": 3, "change_message": ""}}, {"model": "admin.logentry", "pk": 194, "fields": {"action_time": "2021-01-07T22:00:14.812Z", "user": 1, "content_type": 7, "object_id": "41", "object_repr": "Perfume: 1", "action_flag": 3, "change_message": ""}}, {"model": "admin.logentry", "pk": 195, "fields": {"action_time": "2021-01-07T22:00:14.844Z", "user": 1, "content_type": 7, "object_id": "40", "object_repr": "Dryer: 2", "action_flag": 3, "change_message": ""}}, {"model": "admin.logentry", "pk": 196, "fields": {"action_time": "2021-01-07T22:00:14.855Z", "user": 1, "content_type": 7, "object_id": "39", "object_repr": "Watch: 4", "action_flag": 3, "change_message": ""}}, {"model": "admin.logentry", "pk": 197, "fields": {"action_time": "2021-01-07T22:00:14.866Z", "user": 1, "content_type": 7, "object_id": "38", "object_repr": "Watch: 3", "action_flag": 3, "change_message": ""}}, {"model": "auth.permission", "pk": 1, "fields": {"name": "Can add log entry", "content_type": 1, "codename": "add_logentry"}}, {"model": "auth.permission", "pk": 2, "fields": {"name": "Can change log entry", "content_type": 1, "codename": "change_logentry"}}, {"model": "auth.permission", "pk": 3, "fields": {"name": "Can delete log entry", "content_type": 1, "codename": "delete_logentry"}}, {"model": "auth.permission", "pk": 4, "fields": {"name": "Can view log entry", "content_type": 1, "codename": "view_logentry"}}, {"model": "auth.permission", "pk": 5, "fields": {"name": "Can add permission", "content_type": 2, "codename": "add_permission"}}, {"model": "auth.permission", "pk": 6, "fields": {"name": "Can change permission", "content_type": 2, "codename": "change_permission"}}, {"model": "auth.permission", "pk": 7, "fields": {"name": "Can delete permission", "content_type": 2, "codename": "delete_permission"}}, {"model": "auth.permission", "pk": 8, "fields": {"name": "Can view permission", "content_type": 2, "codename": "view_permission"}}, {"model": "auth.permission", "pk": 9, "fields": {"name": "Can add group", "content_type": 3, "codename": "add_group"}}, {"model": "auth.permission", "pk": 10, "fields": {"name": "Can change group", "content_type": 3, "codename": "change_group"}}, {"model": "auth.permission", "pk": 11, "fields": {"name": "Can delete group", "content_type": 3, "codename": "delete_group"}}, {"model": "auth.permission", "pk": 12, "fields": {"name": "Can view group", "content_type": 3, "codename": "view_group"}}, {"model": "auth.permission", "pk": 13, "fields": {"name": "Can add user", "content_type": 4, "codename": "add_user"}}, {"model": "auth.permission", "pk": 14, "fields": {"name": "Can change user", "content_type": 4, "codename": "change_user"}}, {"model": "auth.permission", "pk": 15, "fields": {"name": "Can delete user", "content_type": 4, "codename": "delete_user"}}, {"model": "auth.permission", "pk": 16, "fields": {"name": "Can view user", "content_type": 4, "codename": "view_user"}}, {"model": "auth.permission", "pk": 17, "fields": {"name": "Can add content type", "content_type": 5, "codename": "add_contenttype"}}, {"model": "auth.permission", "pk": 18, "fields": {"name": "Can change content type", "content_type": 5, "codename": "change_contenttype"}}, {"model": "auth.permission", "pk": 19, "fields": {"name": "Can delete content type", "content_type": 5, "codename": "delete_contenttype"}}, {"model": "auth.permission", "pk": 20, "fields": {"name": "Can view content type", "content_type": 5, "codename": "view_contenttype"}}, {"model": "auth.permission", "pk": 21, "fields": {"name": "Can add session", "content_type": 6, "codename": "add_session"}}, {"model": "auth.permission", "pk": 22, "fields": {"name": "Can change session", "content_type": 6, "codename": "change_session"}}, {"model": "auth.permission", "pk": 23, "fields": {"name": "Can delete session", "content_type": 6, "codename": "delete_session"}}, {"model": "auth.permission", "pk": 24, "fields": {"name": "Can view session", "content_type": 6, "codename": "view_session"}}, {"model": "auth.permission", "pk": 25, "fields": {"name": "Can add cart item", "content_type": 7, "codename": "add_cartitem"}}, {"model": "auth.permission", "pk": 26, "fields": {"name": "Can change cart item", "content_type": 7, "codename": "change_cartitem"}}, {"model": "auth.permission", "pk": 27, "fields": {"name": "Can delete cart item", "content_type": 7, "codename": "delete_cartitem"}}, {"model": "auth.permission", "pk": 28, "fields": {"name": "Can view cart item", "content_type": 7, "codename": "view_cartitem"}}, {"model": "auth.permission", "pk": 29, "fields": {"name": "Can add cart", "content_type": 8, "codename": "add_cart"}}, {"model": "auth.permission", "pk": 30, "fields": {"name": "Can change cart", "content_type": 8, "codename": "change_cart"}}, {"model": "auth.permission", "pk": 31, "fields": {"name": "Can delete cart", "content_type": 8, "codename": "delete_cart"}}, {"model": "auth.permission", "pk": 32, "fields": {"name": "Can view cart", "content_type": 8, "codename": "view_cart"}}, {"model": "auth.permission", "pk": 33, "fields": {"name": "Can add category", "content_type": 9, "codename": "add_category"}}, {"model": "auth.permission", "pk": 34, "fields": {"name": "Can change category", "content_type": 9, "codename": "change_category"}}, {"model": "auth.permission", "pk": 35, "fields": {"name": "Can delete category", "content_type": 9, "codename": "delete_category"}}, {"model": "auth.permission", "pk": 36, "fields": {"name": "Can view category", "content_type": 9, "codename": "view_category"}}, {"model": "auth.permission", "pk": 37, "fields": {"name": "Can add product", "content_type": 10, "codename": "add_product"}}, {"model": "auth.permission", "pk": 38, "fields": {"name": "Can change product", "content_type": 10, "codename": "change_product"}}, {"model": "auth.permission", "pk": 39, "fields": {"name": "Can delete product", "content_type": 10, "codename": "delete_product"}}, {"model": "auth.permission", "pk": 40, "fields": {"name": "Can view product", "content_type": 10, "codename": "view_product"}}, {"model": "auth.permission", "pk": 41, "fields": {"name": "Can add gallery", "content_type": 11, "codename": "add_gallery"}}, {"model": "auth.permission", "pk": 42, "fields": {"name": "Can change gallery", "content_type": 11, "codename": "change_gallery"}}, {"model": "auth.permission", "pk": 43, "fields": {"name": "Can delete gallery", "content_type": 11, "codename": "delete_gallery"}}, {"model": "auth.permission", "pk": 44, "fields": {"name": "Can view gallery", "content_type": 11, "codename": "view_gallery"}}, {"model": "auth.permission", "pk": 45, "fields": {"name": "Can add about us", "content_type": 12, "codename": "add_aboutus"}}, {"model": "auth.permission", "pk": 46, "fields": {"name": "Can change about us", "content_type": 12, "codename": "change_aboutus"}}, {"model": "auth.permission", "pk": 47, "fields": {"name": "Can delete about us", "content_type": 12, "codename": "delete_aboutus"}}, {"model": "auth.permission", "pk": 48, "fields": {"name": "Can view about us", "content_type": 12, "codename": "view_aboutus"}}, {"model": "auth.permission", "pk": 49, "fields": {"name": "Can add contact", "content_type": 13, "codename": "add_contact"}}, {"model": "auth.permission", "pk": 50, "fields": {"name": "Can change contact", "content_type": 13, "codename": "change_contact"}}, {"model": "auth.permission", "pk": 51, "fields": {"name": "Can delete contact", "content_type": 13, "codename": "delete_contact"}}, {"model": "auth.permission", "pk": 52, "fields": {"name": "Can view contact", "content_type": 13, "codename": "view_contact"}}, {"model": "auth.permission", "pk": 53, "fields": {"name": "Can add rule", "content_type": 14, "codename": "add_rule"}}, {"model": "auth.permission", "pk": 54, "fields": {"name": "Can change rule", "content_type": 14, "codename": "change_rule"}}, {"model": "auth.permission", "pk": 55, "fields": {"name": "Can delete rule", "content_type": 14, "codename": "delete_rule"}}, {"model": "auth.permission", "pk": 56, "fields": {"name": "Can view rule", "content_type": 14, "codename": "view_rule"}}, {"model": "auth.permission", "pk": 57, "fields": {"name": "Can add terms", "content_type": 15, "codename": "add_terms"}}, {"model": "auth.permission", "pk": 58, "fields": {"name": "Can change terms", "content_type": 15, "codename": "change_terms"}}, {"model": "auth.permission", "pk": 59, "fields": {"name": "Can delete terms", "content_type": 15, "codename": "delete_terms"}}, {"model": "auth.permission", "pk": 60, "fields": {"name": "Can view terms", "content_type": 15, "codename": "view_terms"}}, {"model": "auth.permission", "pk": 61, "fields": {"name": "Can add customer", "content_type": 16, "codename": "add_customer"}}, {"model": "auth.permission", "pk": 62, "fields": {"name": "Can change customer", "content_type": 16, "codename": "change_customer"}}, {"model": "auth.permission", "pk": 63, "fields": {"name": "Can delete customer", "content_type": 16, "codename": "delete_customer"}}, {"model": "auth.permission", "pk": 64, "fields": {"name": "Can view customer", "content_type": 16, "codename": "view_customer"}}, {"model": "auth.permission", "pk": 65, "fields": {"name": "Can add subscriber", "content_type": 17, "codename": "add_subscriber"}}, {"model": "auth.permission", "pk": 66, "fields": {"name": "Can change subscriber", "content_type": 17, "codename": "change_subscriber"}}, {"model": "auth.permission", "pk": 67, "fields": {"name": "Can delete subscriber", "content_type": 17, "codename": "delete_subscriber"}}, {"model": "auth.permission", "pk": 68, "fields": {"name": "Can view subscriber", "content_type": 17, "codename": "view_subscriber"}}, {"model": "auth.user", "pk": 1, "fields": {"password": "pbkdf2_sha256$216000$91Iv6OHp15i6$MM0Dk3E+LOvxuEKHYMrvUliqxMdGoAR0EgfeBL0eVTU=", "last_login": "2021-01-07T17:24:28.998Z", "is_superuser": true, "username": "admin", "first_name": "", "last_name": "", "email": "", "is_staff": true, "is_active": true, "date_joined": "2021-01-05T23:11:09.946Z", "groups": [], "user_permissions": []}}, {"model": "contenttypes.contenttype", "pk": 1, "fields": {"app_label": "admin", "model": "logentry"}}, {"model": "contenttypes.contenttype", "pk": 2, "fields": {"app_label": "auth", "model": "permission"}}, {"model": "contenttypes.contenttype", "pk": 3, "fields": {"app_label": "auth", "model": "group"}}, {"model": "contenttypes.contenttype", "pk": 4, "fields": {"app_label": "auth", "model": "user"}}, {"model": "contenttypes.contenttype", "pk": 5, "fields": {"app_label": "contenttypes", "model": "contenttype"}}, {"model": "contenttypes.contenttype", "pk": 6, "fields": {"app_label": "sessions", "model": "session"}}, {"model": "contenttypes.contenttype", "pk": 7, "fields": {"app_label": "cart", "model": "cartitem"}}, {"model": "contenttypes.contenttype", "pk": 8, "fields": {"app_label": "cart", "model": "cart"}}, {"model": "contenttypes.contenttype", "pk": 9, "fields": {"app_label": "product", "model": "category"}}, {"model": "contenttypes.contenttype", "pk": 10, "fields": {"app_label": "product", "model": "product"}}, {"model": "contenttypes.contenttype", "pk": 11, "fields": {"app_label": "product", "model": "gallery"}}, {"model": "contenttypes.contenttype", "pk": 12, "fields": {"app_label": "resources", "model": "aboutus"}}, {"model": "contenttypes.contenttype", "pk": 13, "fields": {"app_label": "resources", "model": "contact"}}, {"model": "contenttypes.contenttype", "pk": 14, "fields": {"app_label": "resources", "model": "rule"}}, {"model": "contenttypes.contenttype", "pk": 15, "fields": {"app_label": "resources", "model": "terms"}}, {"model": "contenttypes.contenttype", "pk": 16, "fields": {"app_label": "users", "model": "customer"}}, {"model": "contenttypes.contenttype", "pk": 17, "fields": {"app_label": "users", "model": "subscriber"}}, {"model": "sessions.session", "pk": "0g1bxjt96oczf2x7v95zrvhntyb1ttq6", "fields": {"session_data": ".eJylUcFugzAM_RXkw06VRldgE6166j_0MgmlSQYBGrLEOaCKf18cttF222mXJ9vPfrb1LsCZRSgvkBG8e6ZR4QjlegXGKi6hhKc8TYHSQXgee5WAMluBZmfijwx5A3NaNWEWXn2abxhhsSZ8zr5oqa8GhHTcKoNqoOrhKrvhFs2siJpvi_JLusTFJuJprt9pyJ8r-KBR6vAQ7My-a5lLnOgS4brdo9kv_Lw-tLQP-uTMNmna-FOexHXZf_BPiU_i7pL4xO_HKle5XglpK4XyDCVaL78tJAdJxdO3OYUMZT3YMdqIo4k2whTiAVlf3Tg_hXLVM117VlMxHDF9AG2trts:1kxALx:eF5DS66hpTeRIspS3pfR50fnNFQEsZkojXBDtojmUls", "expire_date": "2021-01-20T15:04:01.834Z"}}, {"model": "sessions.session", "pk": "1av26nyza9gvgg95r1fls1n62emuiel5", "fields": {"session_data": "eyJjYXJ0Ijp7IjQiOnsicXVhbnRpdHkiOjEsInByaWNlIjoiMjUwMCJ9fX0:1kxaLp:lkIxpTf7zVVmnHV_4de6t3I2MzJ_7gqulliOlelhtcQ", "expire_date": "2021-01-21T18:49:37.849Z"}}, {"model": "sessions.session", "pk": "3oalddllbifyhnmviq7hfitydhv0xzdx", "fields": {"session_data": "eyJjYXJ0Ijp7fX0:1kxYjz:HwiYrPQ7dDrCroal_3UkWxywngkHfoVPsqPhn9qPUrg", "expire_date": "2021-01-21T17:06:27.935Z"}}, {"model": "sessions.session", "pk": "3vhxxgkqo3cykxd0z61qbm1hii3bytky", "fields": {"session_data": "eyJjYXJ0Ijp7fX0:1kwxdF:duOGQC4Qw_OFhjSPDE8sWPvVOfs3drIhjt2OeDXCE6s", "expire_date": "2021-01-20T01:29:01.256Z"}}, {"model": "sessions.session", "pk": "4oergy3ejcytpxcynj1wu6hdoi7749zp", "fields": {"session_data": "eyJjYXJ0Ijp7fX0:1kxdE9:QUD-rz2SxEc0v1u8xzAuSANi2a1_RuQUz5fPMmKS73o", "expire_date": "2021-01-21T21:53:53.360Z"}}, {"model": "sessions.session", "pk": "4t3xzz0an9eg5y0rvgtqhxfdw6zjwur5", "fields": {"session_data": "eyJjYXJ0Ijp7fX0:1kwxiH:PZIsZtlJr85UOOlbo2cSgiHXweHw4Z7eRdb0yTCuVBM", "expire_date": "2021-01-20T01:34:13.037Z"}}, {"model": "sessions.session", "pk": "70ri5yu24a5zwxmeb3famj16i2xcy3iu", "fields": {"session_data": ".eJyrVkpOLCpRsqpWMgERhaWJeSWZJZVKVoY6SgVFmcmpSlZKRqYGBkq1OkpmOFUYmwIV1NYCAJjoF1g:1kxA9x:eKdNKmGDFndm4v1716yPtQTPlg3xbU03lb6BEM7jGGk", "expire_date": "2021-01-20T14:51:37.615Z"}}, {"model": "sessions.session", "pk": "8tb6oe7xy3ptg8ebrfqws6cjqgt365td", "fields": {"session_data": "eyJjYXJ0Ijp7fSwiX2xhbmd1YWdlIjoiaHkifQ:1kxXvN:AG--N8dJLSIeJfPGAKyENXn-RJyzMUXi_HgynAnij4s", "expire_date": "2021-01-21T16:14:09.995Z"}}, {"model": "sessions.session", "pk": "aq76xfckeludk9apez4slolb699lnu3v", "fields": {"session_data": ".eJxVzkGKwzAMBdC7aF2CZFsYZ9l9zxAU2W4yU5KZxFmU0rs3poWSjRZfTx89QGUp0D6A6_jfZCpjuUNrTvC3jJqgBfKI8DyBOwrGLzH8JuZI6CssVbGTTrYydNualm6MtR0OWS_6m6a6iD8yXedG56ksY99U0ny2a3OZY7qdP_ZQMMg67NfsiNSzMGeL7DBiT8n0IVhW9YGsmBxdtN6QSdHbsEcZUUlzwOhyLb3tD2xyre8Pd3i-AAs5XVc:1kxGR6:ndpM4xHQhwb6sjlTuTYGmWi9TZmdNZyQM7sx6QtWZI8", "expire_date": "2021-01-20T21:33:44.837Z"}}, {"model": "sessions.session", "pk": "b6xbc93vs8y4potdhp6c7k26u8fb0v78", "fields": {"session_data": ".eJxVzs8OgjAMBvB36dmQdX-c4-jdZyCl2wQ1oDAOhPDuMmOiXHr4vl-bLsA0JCgXOObxmqhLbZqhxAM8h5YDlKCMgPUAcg-OfwDFR5i9OP0E2iw2UtGUmmoaw1C1Phewy2rie-hy4W_UXfuC-y4NbV1kUnzbsbj0PjzOX7s70NDYbNtGI7I1ZExUwmjhRY1B1s4pw2wdKpLRa6-sRBm8VW6LohCMHJ3wOuajj-2Bia75_WaG9Q2WwV0B:1kxWpd:UGhMOLDyqH1eHw0D_wbdTALptzLZHCVMLR6SPGk6BKc", "expire_date": "2021-01-21T15:04:09.025Z"}}, {"model": "sessions.session", "pk": "bd0mea50ffhqy6kkz5gnzmz9lz34z2p4", "fields": {"session_data": ".eJztmrtugzAUhl8FeegUqeFiIDTK1Aeo1CFLJUSw05ALUGyGKMq7F9somCREKAzp5SxH9rF9-Gx-L_AfUBwVHAUH5IjwVUYpT_geBeYI5UUSUxQgC4_HSHQzUsZybkJQ4IxQGu3E-Ec5xnYkomuK6DlIjYWr_c1hmlbD84jHqypDKIuLJOdJltaLHFcuWjZL_XHTdm0ZFyrfLtA8eEANSfeqUY1QnKWcptURoGk-Wz-lC5a_GKu13BU2ZC1nSOwsUQ9Mn_NZg6F2-SNI5FlVJJt1xAxGNgZhm3pKwkK2TQgtwoTTHQp4UdKTtoS0RJVSHCoWzYjTz6zYS33xfS70NUfHqp3xaBu2JFllcVu0ViNa07smWtwSLcZyM1TTppKLyseaOC4lfc9ieUxvtFiWFcO9klcZz5dtS-Yn6r2f5z13yLUY8By5z_dsRw3SfX8agroiUQSG1lnqHVNbcW3uRco3tepqN0QTtkqptu8azdx6WNVw1VRDK4IBHdABHdABHdABHdABHdABHdABHdAfjd7xjegX7wjQAR3QAR3QAR3QAR3QAR3QAR3QAf3R6B0-iPN_38qg8ZezfdwewpPRuD10swe-ZfawHWX2sLsdSlfNHvZ_dyh13Cvd3NO6Xe1U6732_Jw0pPTJQ0SYsA9VccNIf3FZurisSX8rkdDO8Xj8Bo2mGSs:1kxEu0:7I2_Qk8zvAUsll0689Jsyw-PC4jclDm7WHgvyYgr8Ms", "expire_date": "2021-01-20T19:55:28.962Z"}}, {"model": "sessions.session", "pk": "buex7y0l6dm0prsr7b92xxudidbg33fe", "fields": {"session_data": "eyJjYXJ0Ijp7fX0:1kx8bf:DPHQGtYWoyCS5lII7DoxZMjkBXW1mjyJL2oGDRCM9zM", "expire_date": "2021-01-20T13:12:07.329Z"}}, {"model": "sessions.session", "pk": "cbd5pv7aueb0gwjkts3eass631eunkz0", "fields": {"session_data": "eyJjYXJ0Ijp7fX0:1kxFF0:WZqbEmifsGWHkz6PSSU2qZv5XB2QaXfgmrR8LZqiv7k", "expire_date": "2021-01-20T20:17:10.389Z"}}, {"model": "sessions.session", "pk": "dqozb7yjctmzcc3p0w0aglk7tc70rhf9", "fields": {"session_data": ".eJyrVkpOLCpRsqpWMgMRhaWJeSWZJZVKVkY6SgVFmcmpSlZKxqYGSrU6SiaoCgwRCoxMDYAqgEricxLz0ksT00GCqXlKtQBYrBy9:1kxVif:mAmh7gcxb-avTygpfEr0k5kffjpz7nBu67LNCWxBglo", "expire_date": "2021-01-21T13:52:53.187Z"}}, {"model": "sessions.session", "pk": "fcw5vqqr94v8jx0bzxqgpr64ete0ni37", "fields": {"session_data": "eyJjYXJ0Ijp7fSwiX2xhbmd1YWdlIjoiaHkifQ:1kxVys:MRqJFnmUYoLyPtRwFm3Azae_K_TIyZfISLkCgLyZm5w", "expire_date": "2021-01-21T14:09:38.570Z"}}, {"model": "sessions.session", "pk": "gjhc8qlxj83kn2pvg9xx47dqe2o0hhgi", "fields": {"session_data": "eyJjYXJ0Ijp7fX0:1kxd7z:RB1xXgj1Q_qhXE7Kf70_wB_OJ_jjJW8o9gPBYZp1CbA", "expire_date": "2021-01-21T21:47:31.125Z"}}, {"model": "sessions.session", "pk": "gpryf0m6jdwhgrk9quzf5l16hxdcemqj", "fields": {"session_data": "eyJjYXJ0Ijp7fSwiX2xhbmd1YWdlIjoiZW4ifQ:1kxYtd:ljTxALPRKJpCsb6HLt4QCynLTn3IYMK_jefLKgunba8", "expire_date": "2021-01-21T17:16:25.022Z"}}, {"model": "sessions.session", "pk": "ip8yae15ee4cnn2uw7o2f8k2hdd6pen5", "fields": {"session_data": "eyJjYXJ0Ijp7fX0:1kwwSU:vPNDB9MaNRIbBzs-IJEIozY9MWQ3RkUXVf1KLbpHSNg", "expire_date": "2021-01-20T00:13:50.894Z"}}, {"model": "sessions.session", "pk": "jdu6h5dx0xswqzbjfn8hs5x853wus7ig", "fields": {"session_data": ".eJyrVkpOLCpRsqpWMgERhaWJeSWZJZVKVkY6SgVFmcmpSlZKRqYGBkq1OkrGqCpMkVSYg1QAlcTnJOallyamgwQzKpVqAW71HP0:1kxad2:xt5BBXJi-NY9HQJhEEKPOOSj88u0ZzOtDsH4UEtHG-8", "expire_date": "2021-01-21T19:07:24.759Z"}}, {"model": "sessions.session", "pk": "jlsw1n09vdihu09fhaa5v7353djqdkao", "fields": {"session_data": "eyJjYXJ0Ijp7IjQiOnsicXVhbnRpdHkiOjQsInByaWNlIjoiMjUwMCJ9fX0:1kxa7Z:eiQkFREIB2-6zMyR-bFIwfGW_JEx1b3hgJlZpmtqROA", "expire_date": "2021-01-21T18:34:53.226Z"}}, {"model": "sessions.session", "pk": "jrgy53n9kggrtrup76vd3fr87hpmyww6", "fields": {"session_data": "eyJjYXJ0Ijp7fX0:1kxd9h:9sYoBNlajfimYgQtMEMz91nYX2eOz_YnpnUFVDMQjPg", "expire_date": "2021-01-21T21:49:17.393Z"}}, {"model": "sessions.session", "pk": "lamy7yq1hosantt81yxp2vplkpoxjfsl", "fields": {"session_data": ".eJyrVkpOLCpRsqpWMgMRhaWJeSWZJZVKVoY6SgVFmcmpSlZKxqYGSrU6SiaoCiwRCoxMDcAqTFFVmCJUGJqDVNTWAgBaSSEy:1kxYiC:5g3FGo-g9PYb0dWRn9agHI2Az9EbuY33NnqFT0m6kPk", "expire_date": "2021-01-21T17:04:36.469Z"}}, {"model": "sessions.session", "pk": "lnqg6tb7fqtqc6axcl04raag3j0vk9zk", "fields": {"session_data": "eyJjYXJ0Ijp7IjEiOnsicXVhbnRpdHkiOjQsInByaWNlIjoiMzUwMCJ9fSwiX2xhbmd1YWdlIjoiaHkifQ:1kx79n:ryhyksQmA-Imz7AToCVZ0JGsL0fwSRfUhvniL304Pvw", "expire_date": "2021-01-20T11:39:15.107Z"}}, {"model": "sessions.session", "pk": "pqwesbojtsshl7sqw70sxwgu84ysb5tf", "fields": {"session_data": ".eJztmjGvmzAQx78K8tApSm3AEOjTG7pXqtShSyVkbJO4TQwFM0RP-e71GVqctNsbWlW3HPbZ9_fvjslwL0SK0ZH6hXAw32dhnXFXUmc7MoxGalITVlJKYNqrWYa9RpGa74gVF1j_MlPOOdhCB8vAlkUYL34ZbAv2kJMlsjldXxGsrQ_-qMdu9gw7ovQkRzM409tVNAtCBxrkuk26yCN_dGShk_AowyOnEQyPxupRb0EtD0E1DeP8HmhL9B9iCvX71F90EpduR2Rvnbb-LZOn4Tkodtt5y0kFS6JJF09YFPGnvb-5DlE25ZK_SraSLK61PEUSZZ5HGku2NIlEOKIjOqIjOqIjOqIjOqIjOqIjOqIj-t9Gf3o7PG9X7eXzAN62ER3RER3RER3RER3RER3RER3RER3RX4P-cNsOP779bfvx3_cb207Du__ZuxbCTM10NkqPjXH6Qmo3zvpXswf0ekCtZmgBSP1IOH3sx2vo93DXAfo9PpObH_dOnJufLSKcUUpu3t2chT3O4ghODf0EjZjdqZknOE5BM8m9rxXym7awoL76yH4Pr2k07R627NfVaf-hV_r8ft17J3AS0wkAcsZkyQXnXQadEoq2TKdtVWVcyrJimUg7lausTFmqVZlV3tVRKpnsKqryjtx-AGq86WI:1kxHqP:H5nwg3KL2KKi90XSmxjKDnVl6tPYeJ1cXllEA7pvMN8", "expire_date": "2021-01-20T23:03:57.546Z"}}, {"model": "sessions.session", "pk": "puf407vn9l5n645xuos3rppcm6o4itba", "fields": {"session_data": ".eJxVjDsKwzAQBe-ydRBafRBymT5nMKtdKXYSJPCnMr57bHDjdmbe24BpWqDb9gf0tC5Dv8556keBDhBuLBF_cz2FfKi-m-JWl2lM6kzUZWf1apJ_z6u9HQw0D8faO0QOnrwvVnunRSfMJsVoPXOIaMkUcWKDQZMl2HigojUjl6jFFdj_BTk6ew:1kwvlL:JTpxuSVsRbX8h6IVE5syc-icRLKyHIIL3RIBEYcxEa4", "expire_date": "2021-01-19T23:29:15.748Z"}}, {"model": "sessions.session", "pk": "qc83og49b6l4gy2djvl7i0uvcpyoxn8z", "fields": {"session_data": "eyJjYXJ0Ijp7fX0:1kxYvq:JJ0VGjCv7gwolG3f9H010iqSlonoNRyRMcU8Bzoc_KE", "expire_date": "2021-01-21T17:18:42.342Z"}}, {"model": "sessions.session", "pk": "qw07cbfspy2ydvb0k7up6rzi4e1wd0li", "fields": {"session_data": "eyJjYXJ0Ijp7IjIiOnsicXVhbnRpdHkiOjEsInByaWNlIjoiMzEwMCJ9fX0:1kx8I3:5oYox4X8iCrhRtvMLWLBd4r28jCd3XkSGIGolY44-HM", "expire_date": "2021-01-20T12:51:51.774Z"}}, {"model": "sessions.session", "pk": "rcz0hy3snhgybhbykkuv6vunwwgi6u4l", "fields": {"session_data": ".eJztnG1v2zYQgP8K4QH9FKSSrRc7DTJsGDAUaIEC-9AvBQxKpC3FsqSJVDOj6H8f3xydLMl1uwLtkitQR-bL3XPHI02al3yapbSRs5tPs0C__N3SUubyMLsJrmZ1k6d8djObh543028r1qambc5Mg5Ludf2H1gsXVL9Gvn6Ng5mtW2eHs9W8VNXvqUwzVcK4SJu8lnlVHjuZ5kvPdNp0AqIAlHNQzon5EZsfgQdUhuCZncqLI_O6NFLnj4gACBjy8zAZ7_0BvHY1S6tS8lIN0ey2vrt_USaifkWye6uOdJzf-jopwlVYjcZSwx8Bi5bA9mgBvAVsjFadZ3q2R0bB0roMuNe6KbLlqXlNTEvLlZhuMfR6cEqEpEiKpEiKpEiKpEiKpEiKpE-X9PZlfdcdlezJDk9LT2uMkRRJkRRJkRRJkRRJkRRJkfQ7nJbMnZM6Le3uqSCC7QgTO3x-ns8uNHKxFkXOeLPOJd_PbmTT8se7Y311rKOn1ZeSfqgeqeTbqrEXzPJQ6_vj97PP6rmStFgfr5x9T_3TxXH_VnrR3UqH3titdNy_lR5EtLtXBZPCzbqlnQgrMLHApFhOzKXjFLSdKZw5p3M58oe34j8lnr1Xbg68Gb2VDwZw1oDeKmUWoOl78J7h0MzkdE10t-R2mQoC0AgaDq7So5QASv90dbPGjjg46cQtV2jnU7XzOVgLRaChT8HQqWyk52A72vlU7XwO1j6bJerZGDqWhflnVTHC9Jb55jQL0yjcAJHWITDh053B4TGAdXrdyb532GfjrrXovZO9k5eC5whYA3WGQ53eAAl-XeEPhnbyy4nzjoX2h50aR-HiwpUtAZhtG50OvFUUMgJ8_AXfD7-FmUPYqQEa2HJUCoLRDVN4yufM7gU0OKHZ8uXICZGMOxke6XoDtzltGW2GkAloBCD7FsKICjovuTGZd4KgCb2D7cXBEtkSu6wsGFDDQOAuLxniqei-yPP_Kbq_IrZsdTwl4_zaEMVXX5jscAkB3yn2IxEOlAds8gGom4zxYLV1Lgc9-sNve6edgXbe9j4Hhh16gTw_NSIKTjvbUZvWvxiI4F20OfgVMNqHgZ-AbhMBPrUyOn_BoL7sQ-E7LEzLq_Oj79JRwnEdbvlyw2HHLB43G7qj91WzD8cyHMQoH8cbzrp-aHA4HMCG_lhvADc_FR4HX7FcQ4N6881qZcNFJRi26i09cJ9EL1-TRrZOPeHA9WO_RmJjcCIN6vLIxO3KYzVuV3C7Ykpwu4Lblcci3K5MBA9uV3C7AoR_y3bF5iFk87v3GZUkF-RN1fA9eV2Ldv_r7UtV8aH5UOr_ak9zK2RTlds70Ob2pSuzOdhKgMj3dXEgrN3vD0TyfySpNkRmnNRNXsq83BJaMqJvrAWX5n1eslZJOVxD5SSjgiScl6bvscmLXxarV0qHVDJow6AW_pE3SnmZctPDDz1PXJGHTEmgJWnLXVk9lBZCNZRVtSOUbGlR8IMhVECGTKQN3ScFZySXqhnZ052qsPWi5mm-VxIT1f2avJaGUrTNx_yj6lBWythSGb9Rb0mq_Ns2OVcUSSsJLURlyApOa2WQEs0Lnmrv5Sn0xxVRTqB5qV3DhVBSckV5UCakGS23nBnFD0pxXdVtQZtcaFjrKH8VeYI85DIzbxulggquDXzDZaMeJREZ51IQHQFOC3R7TYWgWw2tnbFXNUqINkURGLGMi52salK3SZGLTPcX1UY-UNWyyJWvfivUWJF3Sshb5bpGkaVFy3Q7NUIir0phcDqd15ckQOgshccEiF7-w_Js_kPo8h_Cfv6D3-U_-PFY_kPYy38IQ_ChMdgn9dOBBtkJ39LZzMt3vNm0igF_p_-rmYz__qr2nLDpX-zvVtjjWg4-VI4HH_gGrMmjbQdF8Ktzt7dynxdBV-TcAzf4EdgYLN3ODHyYxiGiIzqiIzqiIzqiIzqiIzqiIzqiI_qPRj9zI_o_tQjRER3RER3RER3RER3RER3RER3REf1Ho0_8YZHTu2-bn_OUSy_JItG5Ho9ZJAHMIgnPZpHoFJHPqnhd0HLb0q0uzA5K25q2Mlu3QqtjumW_LKHpjpe6gt2rntW1HqYmT651k2tXK67fVowXv7u2PQEZFZn-Gx2B76dxSMNws9CZEsxLfD5PVqtFmKbxyl_Q-YYFbBHP_Tln8WKlijael_rpZuWxYDP7_C_oU-lV:1kxdPX:52PZXxmuIwWRitq7n77FBS5jr25NdTuX0bIw3mNYu7M", "expire_date": "2021-01-21T22:05:39.047Z"}}, {"model": "sessions.session", "pk": "sbizbzljrjvegsd18ul7qx8wycewha8b", "fields": {"session_data": ".eJy1UstuwyAQ_JVoDz1Zqh3jR50op_5DLpEsAqRBSTAFfLAi_3tY3Ba7qnqpehmW2d1hF80dGDUOmjvkCO89VU66AZqsTkAbyQQ0sK7SFPDa8Z6FYsmhyRNQ9Ib5Q58WOUUsM8SKwJRrz8OvaaF8ek8dO3uGC8uM1E526qOJlKHpFFvrNMZlHvA48UuB-PAfNMJ0r7OpEmCdckL5L4Ct3kXhqgjIA0NW0zGjTj9QT-po9Wb7rHdRdxr7f6TDNl76wu2KW8SL5YtKaVt7lVyYVjpxg8aZXnyZAD2AYj1uv37xIXXirTN-YJKAGzQaYQ-jjztHr-2nd-rMe8ezxdJeJLorq6YK8s2AM_8VWDGODwfSz1s:1kxF1e:Lxu_4wIkRf0uk17xF33UirThHe_0_jrBl3E0FCgaa8w", "expire_date": "2021-01-20T20:03:22.731Z"}}, {"model": "sessions.session", "pk": "t5z79tdmkuokg6kvqhhr3ds9ifjuyqst", "fields": {"session_data": ".eJztmU1ugzAQha-CZtEVUkkBE9Eom_YYlRDBTuuEAAWzQBF3r3-i4kTqolKlVtXbjIeHZ74xXjDgM1Vlryg_EzPmfSwbJdVE-SqkrpeVoJziNCJz1fKxslMlp5yF1JQnc_tljNJkbyzbWWv9jPkKudnF2_TNANHogOe2rrXAxVD1slOybS5Z4pWx68jGu4xWYYmnC08XgR0yOyTRcidLPZ_f5nO1ZWub9cH6yXVBy8r-UE3u4XlPLaSqbZRo9C7Sptu6IG8LHDAJlnrZ_urirtkN3aMtlC1xzFvyZVHxspnrKPBq_3LH3SR_-cltbjDBBBNMMMEEE0wwwfwvzM19t136c_c5gRYdTDDBBBNMMMEEE0wwf41506Lbv-u6RT8c-RDww1Gb4eC6b0iQIEGCBOkHpMuLRw7FUEsu-kIqcaJc9aP4PKWP08i8mkZztrvSXqnEa9tPlGchqakzB_VPNGu_VWVd-Ef78zx_AA_5igI:1kxZz4:ULvlQfXD5v70B93Mtq4J0wu3U9tZnM28-dxKEiiJo5U", "expire_date": "2021-01-21T18:26:06.463Z"}}, {"model": "sessions.session", "pk": "wads5hyh1l0f19p0zji7zd1984kqt76s", "fields": {"session_data": "eyJjYXJ0Ijp7fSwiX2xhbmd1YWdlIjoiaHkifQ:1kwxda:--CXouhIH2ODpRGz7SpZFWMIL5VjBExx4dsXUXwwGGU", "expire_date": "2021-01-20T01:29:22.122Z"}}, {"model": "sessions.session", "pk": "y451cej1g0ek39elfqg428pga5nvx1ia", "fields": {"session_data": "eyJjYXJ0Ijp7fSwiX2xhbmd1YWdlIjoiZW4ifQ:1kxCPg:ovOxHjr0YEmJffsgDUQDDziDVnD6uG2NQbjAdwrBk2M", "expire_date": "2021-01-20T17:16:00.197Z"}}, {"model": "sessions.session", "pk": "ycofbsdorrf6zyfgaxcy9vbaaa6jumw3", "fields": {"session_data": "eyJjYXJ0Ijp7fX0:1kxWaN:cIsK1KgTa_e083CLIi12C4ce_dzccb7BYXiaQK5bPIg", "expire_date": "2021-01-21T14:48:23.526Z"}}, {"model": "cart.cartitem", "pk": 42, "fields": {"product": 4, "quantity": 4, "added_date": "2021-01-07"}}, {"model": "cart.cartitem", "pk": 43, "fields": {"product": 7, "quantity": 3, "added_date": "2021-01-07"}}, {"model": "cart.cartitem", "pk": 44, "fields": {"product": 5, "quantity": 1, "added_date": "2021-01-07"}}, {"model": "cart.cart", "pk": 31, "fields": {"user": 62, "cart_item": 42, "is_shipped": false}}, {"model": "cart.cart", "pk": 32, "fields": {"user": 62, "cart_item": 43, "is_shipped": false}}, {"model": "cart.cart", "pk": 33, "fields": {"user": 62, "cart_item": 44, "is_shipped": false}}, {"model": "product.category", "pk": 1, "fields": {"title": "ԺԱՄԵՐ", "title_hy": "ԺԱՄԵՐ", "title_en": "WATCHES", "type": "M"}}, {"model": "product.category", "pk": 4, "fields": {"title": "ԺԱՄԵՐ", "title_hy": "ԺԱՄԵՐ", "title_en": "WATCHES", "type": "W"}}, {"model": "product.category", "pk": 5, "fields": {"title": "ՕԾԱՆԵԼԻՔՆԵՐ", "title_hy": "ՕԾԱՆԵԼԻՔՆԵՐ", "title_en": "PERFUMES", "type": "W"}}, {"model": "product.category", "pk": 6, "fields": {"title": "ԺԱՄԵՐ", "title_hy": "ԺԱՄԵՐ", "title_en": "WATCHES", "type": "C"}}, {"model": "product.category", "pk": 7, "fields": {"title": "ՏԻԿՆԻԿՆԵՐ", "title_hy": "ՏԻԿՆԻԿՆԵՐ", "title_en": "DOLLS", "type": "C"}}, {"model": "product.category", "pk": 8, "fields": {"title": "ԽՈՀԱՆՈՑԱՅԻՆ ՊԱՐԱԳԱՆԵՐ", "title_hy": "ԽՈՀԱՆՈՑԱՅԻՆ ՊԱՐԱԳԱՆԵՐ", "title_en": "KITCHEN UTENSILS", "type": "W"}}, {"model": "product.product", "pk": 2, "fields": {"name": "Ժամացույց", "name_hy": "Ժամացույց", "name_en": "Hand's watch", "description": "Արտադրված է Հայաստանում", "description_hy": "Արտադրված է Հայաստանում", "description_en": "Description", "content": "<p>յհսահասյհսայհ սայհսա յսա սա</p>\r\n\r\n<p>իսաաաաաաաաաաաաաաաաաաաաաաա սսսսսսսսսսսսսսսսսսսսսսսսս սսսսսսսսսսսսսսսսսսսսսսսսսս սսսսսսսսսսսսսսսսսսսս սսսսսսսսսսսսսսսսսսսսսսսսսս սսսսսսսսսսսսսսսսսսսսսսսսսսս սսսսսսսսսսսսսսսսսսսսսս սսսսսսսսսսսսս</p>", "content_hy": "<p>յհսահասյհսայհ սայհսա յսա սա</p>\r\n\r\n<p>իսաաաաաաաաաաաաաաաաաաաաաաա սսսսսսսսսսսսսսսսսսսսսսսսս սսսսսսսսսսսսսսսսսսսսսսսսսս սսսսսսսսսսսսսսսսսսսս սսսսսսսսսսսսսսսսսսսսսսսսսս սսսսսսսսսսսսսսսսսսսսսսսսսսս սսսսսսսսսսսսսսսսսսսսսս սսսսսսսսսսսսս</p>", "content_en": "<p>jsd js s</p>", "is_slider_item": true, "price": 3100, "count": 7, "category": 1, "type": "M"}}, {"model": "product.product", "pk": 3, "fields": {"name": "Ժամ", "name_hy": "Ժամ", "name_en": "Watch", "description": "Արտադրված է Հայաստանում", "description_hy": "Արտադրված է Հայաստանում", "description_en": "Description", "content": "<p>կյսդ դսկ դսկ&nbsp;</p>", "content_hy": "<p>կյսդ դսկ դսկ&nbsp;</p>", "content_en": "<p>kds dskds ksd&nbsp;</p>", "is_slider_item": true, "price": 2700, "count": 29, "category": 4, "type": "W"}}, {"model": "product.product", "pk": 4, "fields": {"name": "Ժամ", "name_hy": "Ժամ", "name_en": "Watch", "description": "Արտադրված է Հայաստանում", "description_hy": "Արտադրված է Հայաստանում", "description_en": "Description", "content": "<p>j&nbsp; hjյ դդդդդդդդդդդ դդդդ դ&nbsp;Նկարագրություն օծանելիքի համարՆկարագրություն օծանելիքի համարՆկարագրություն օծանելիքի համարՆկարագրություն օծանելիքի համարՆկարագրություն օծանելիքի համարՆկարագրություն օծանելիքի համարՆկարագրություն օծանելիքի համարՆկարագրություն օծանելիքի համարՆկարագրություն օծանելիքի համարՆկարագրություն օծանելիքի համարՆկարագրություն օծանելիքի համարՆկարագրություն օծանելիքի համարՆկարագրություն օծանելիքի համարՆկարագրություն օծանելիքի համարՆկարագրություն օծանելիքի համարՆկարագրություն օծանելիքի համարՆկարագրություն օծանելիքի համարՆկարագրություն օծանելիքի համարՆկարագրություն օծանելիքի համար</p>", "content_hy": "<p>j&nbsp; hjյ դդդդդդդդդդդ դդդդ դ&nbsp;Նկարագրություն օծանելիքի համարՆկարագրություն օծանելիքի համարՆկարագրություն օծանելիքի համարՆկարագրություն օծանելիքի համարՆկարագրություն օծանելիքի համարՆկարագրություն օծանելիքի համարՆկարագրություն օծանելիքի համարՆկարագրություն օծանելիքի համարՆկարագրություն օծանելիքի համարՆկարագրություն օծանելիքի համարՆկարագրություն օծանելիքի համարՆկարագրություն օծանելիքի համարՆկարագրություն օծանելիքի համարՆկարագրություն օծանելիքի համարՆկարագրություն օծանելիքի համարՆկարագրություն օծանելիքի համարՆկարագրություն օծանելիքի համարՆկարագրություն օծանելիքի համարՆկարագրություն օծանելիքի համար</p>", "content_en": "<p>kjas sdk dskkjas sdk dskkjas sdk dskkjas sdk dskkjas sdk dskkjas sdk dskkjas sdk dskkjas sdk dskkjas sdk dskkjas sdk dskkjas sdk dskkjas sdk dskkjas sdk dskkjas sdk dskkjas sdk dskkjas sdk dskkjas sdk dskkjas sdk dskkjas sdk dskkjas sdk dskkjas sdk dskkjas sdk dskkjas sdk dskkjas sdk dskkjas sdk dskkjas sdk dskkjas sdk dskkjas sdk dskkjas sdk dskkjas sdk dskkjas sdk dskkjas sdk dskkjas sdk dskkjas sdk dskkjas sdk dskkjas sdk dskkjas sdk dskkjas sdk dskkjas sdk dskkjas sdk dskkjas sdk dskkjas sdk dskkjas sdk dsk</p>", "is_slider_item": true, "price": 2500, "count": 11, "category": 4, "type": "W"}}, {"model": "product.product", "pk": 5, "fields": {"name": "Օծանելիք", "name_hy": "Օծանելիք", "name_en": "Perfume", "description": "Արտադրված է Հայաստանում", "description_hy": "Արտադրված է Հայաստանում", "description_en": "Some description", "content": "<p>կյսա սկ սակսա սկա սցյհս դհդֆ յդսֆհ հյկյսա սկ սակսա սկա սցյհս դհդֆ յդսֆհ հյկյսա սկ սակսա սկա սցյհս դհդֆ յդսֆհ հյկյսա սկ սակսա սկա սցյհս դհդֆ յդսֆհ հյկյսա սկ սակսա սկա սցյհս դհդֆ յդսֆհ հյկյսա սկ սակսա սկա սցյհս դհդֆ յդսֆհ հյկյսա սկ սակսա սկա սցյհս դհդֆ յդսֆհ հյկյսա սկ սակսա սկա սցյհս դհդֆ յդսֆհ հյկյսա սկ սակսա սկա սցյհս դհդֆ յդսֆհ հյկյսա սկ սակսա սկա սցյհս դհդֆ յդսֆհ հյկյսա սկ սակսա սկա սցյհս դհդֆ յդսֆհ հյկյսա սկ սակսա սկա սցյհս դհդֆ յդսֆհ հյկյսա սկ սակսա սկա սցյհս դհդֆ յդսֆհ հյկյսա սկ սակսա սկա սցյհս դհդֆ յդսֆհ հյկյսա սկ սակսա սկա սցյհս դհդֆ յդսֆհ հյկյսա սկ սակսա սկա սցյհս դհդֆ յդսֆհ հյկյսա սկ սակսա սկա սցյհս դհդֆ յդսֆհ հյկյսա սկ սակսա սկա սցյհս դհդֆ յդսֆհ հյկյսա սկ սակսա սկա սցյհս դհդֆ յդսֆհ հյկյսա սկ սակսա սկա սցյհս դհդֆ յդսֆհ հյկյսա սկ սակսա սկա սցյհս դհդֆ յդսֆհ հյ</p>", "content_hy": "<p>կյսա սկ սակսա սկա սցյհս դհդֆ յդսֆհ հյկյսա սկ սակսա սկա սցյհս դհդֆ յդսֆհ հյկյսա սկ սակսա սկա սցյհս դհդֆ յդսֆհ հյկյսա սկ սակսա սկա սցյհս դհդֆ յդսֆհ հյկյսա սկ սակսա սկա սցյհս դհդֆ յդսֆհ հյկյսա սկ սակսա սկա սցյհս դհդֆ յդսֆհ հյկյսա սկ սակսա սկա սցյհս դհդֆ յդսֆհ հյկյսա սկ սակսա սկա սցյհս դհդֆ յդսֆհ հյկյսա սկ սակսա սկա սցյհս դհդֆ յդսֆհ հյկյսա սկ սակսա սկա սցյհս դհդֆ յդսֆհ հյկյսա սկ սակսա սկա սցյհս դհդֆ յդսֆհ հյկյսա սկ սակսա սկա սցյհս դհդֆ յդսֆհ հյկյսա սկ սակսա սկա սցյհս դհդֆ յդսֆհ հյկյսա սկ սակսա սկա սցյհս դհդֆ յդսֆհ հյկյսա սկ սակսա սկա սցյհս դհդֆ յդսֆհ հյկյսա սկ սակսա սկա սցյհս դհդֆ յդսֆհ հյկյսա սկ սակսա սկա սցյհս դհդֆ յդսֆհ հյկյսա սկ սակսա սկա սցյհս դհդֆ յդսֆհ հյկյսա սկ սակսա սկա սցյհս դհդֆ յդսֆհ հյկյսա սկ սակսա սկա սցյհս դհդֆ յդսֆհ հյկյսա սկ սակսա սկա սցյհս դհդֆ յդսֆհ հյ</p>", "content_en": "<p>Some description&nbsp;Some description&nbsp;Some description&nbsp;Some description&nbsp;Some description&nbsp;Some description&nbsp;Some description&nbsp;Some description&nbsp;Some description&nbsp;Some description&nbsp;Some description&nbsp;</p>", "is_slider_item": true, "price": 1700, "count": 3, "category": 5, "type": "W"}}, {"model": "product.product", "pk": 6, "fields": {"name": "Տիկնիկ", "name_hy": "Տիկնիկ", "name_en": "Doll", "description": "Արտադրված է Հայաստանում: Արտադրման հասցեն ք․ Երևան։", "description_hy": "Արտադրված է Հայաստանում: Արտադրման հասցեն ք․ Երևան։", "description_en": "Made in Armenia. Made from MD company.", "content": "<p>մկյդ դկ դկ&nbsp;Նկարագիր տիկնիկ համարՆկարագիր տիկնիկ համարՆկարագիր տիկնիկ համարՆկարագիր տիկնիկ համարՆկարագիր տիկնիկ համարՆկարագիր տիկնիկ համարՆկարագիր տիկնիկ համարՆկարագիր տիկնիկ համարՆկարագիր տիկնիկ համարՆկարագիր տիկնիկ համարՆկարագիր տիկնիկ համարՆկարագիր տիկնիկ համարՆկարագիր տիկնիկ համարՆկարագիր տիկնիկ համարՆկարագիր տիկնիկ համարՆկարագիր տիկնիկ համարՆկարագիր տիկնիկ համարՆկարագիր տիկնիկ համարՆկարագիր տիկնիկ համարՆկարագիր տիկնիկ համարՆկարագիր տիկնիկ համարՆկարագիր տիկնիկ համարՆկարագիր տիկնիկ համարՆկարագիր տիկնիկ համարՆկարագիր տիկնիկ համար</p>", "content_hy": "<p>մկյդ դկ դկ&nbsp;Նկարագիր տիկնիկ համարՆկարագիր տիկնիկ համարՆկարագիր տիկնիկ համարՆկարագիր տիկնիկ համարՆկարագիր տիկնիկ համարՆկարագիր տիկնիկ համարՆկարագիր տիկնիկ համարՆկարագիր տիկնիկ համարՆկարագիր տիկնիկ համարՆկարագիր տիկնիկ համարՆկարագիր տիկնիկ համարՆկարագիր տիկնիկ համարՆկարագիր տիկնիկ համարՆկարագիր տիկնիկ համարՆկարագիր տիկնիկ համարՆկարագիր տիկնիկ համարՆկարագիր տիկնիկ համարՆկարագիր տիկնիկ համարՆկարագիր տիկնիկ համարՆկարագիր տիկնիկ համարՆկարագիր տիկնիկ համարՆկարագիր տիկնիկ համարՆկարագիր տիկնիկ համարՆկարագիր տիկնիկ համարՆկարագիր տիկնիկ համար</p>", "content_en": "<p>jkds djks dsj&nbsp;jkds djks dsj&nbsp;jkds djks dsj&nbsp;jkds djks dsj&nbsp;jkds djks dsj&nbsp;jkds djks dsj&nbsp;jkds djks dsj&nbsp;jkds djks dsj&nbsp;jkds djks dsj&nbsp;jkds djks dsj&nbsp;jkds djks dsj&nbsp;jkds djks dsj&nbsp;jkds djks dsj&nbsp;jkds djks dsj&nbsp;jkds djks dsj&nbsp;jkds djks dsj&nbsp;jkds djks dsj&nbsp;jkds djks dsj&nbsp;jkds djks dsj&nbsp;jkds djks dsj&nbsp;jkds djks dsj&nbsp;jkds djks dsj&nbsp;jkds djks dsj&nbsp;jkds djks dsj&nbsp;jkds djks dsj&nbsp;jkds djks dsj&nbsp;jkds djks dsj&nbsp;jkds djks dsj&nbsp;jkds djks dsj&nbsp;jkds djks dsj&nbsp;jkds djks dsj&nbsp;jkds djks dsj&nbsp;jkds djks dsj&nbsp;jkds djks dsj&nbsp;jkds djks dsj&nbsp;jkds djks dsj&nbsp;jkds djks dsj&nbsp;jkds djks dsj&nbsp;jkds djks dsj&nbsp;jkds djks dsj&nbsp;jkds djks dsj&nbsp;jkds djks dsj&nbsp;jkds djks dsj&nbsp;jkds djks dsj&nbsp;jkds djks dsj&nbsp;jkds djks dsj&nbsp;jkds djks dsj&nbsp;jkds djks dsj&nbsp;jkds djks dsj&nbsp;jkds djks dsj&nbsp;jkds djks dsj&nbsp;jkds djks dsj&nbsp;jkds djks dsj&nbsp;jkds djks dsj&nbsp;jkds djks dsj&nbsp;jkds djks dsj&nbsp;jkds djks dsj&nbsp;jkds djks dsj&nbsp;jkds djks dsj&nbsp;jkds djks dsj&nbsp;jkds djks dsj&nbsp;jkds djks dsj&nbsp;jkds djks dsj&nbsp;jkds djks dsj&nbsp;jkds djks dsj&nbsp;jkds djks dsj&nbsp;jkds djks dsj&nbsp;jkds djks dsj&nbsp;jkds djks dsj&nbsp;jkds djks dsj&nbsp;jkds djks dsj&nbsp;jkds djks dsj&nbsp;jkds djks dsj&nbsp;jkds djks dsj&nbsp;jkds djks dsj&nbsp;jkds djks dsj&nbsp;jkds djks dsj&nbsp;jkds djks dsj&nbsp;jkds djks dsj&nbsp;jkds djks dsj&nbsp;jkds djks dsj&nbsp;jkds djks dsj&nbsp;jkds djks dsj&nbsp;jkds djks dsj&nbsp;jkds djks dsj&nbsp;jkds djks dsj&nbsp;</p>", "is_slider_item": true, "price": 350, "count": 50, "category": 7, "type": "C"}}, {"model": "product.product", "pk": 7, "fields": {"name": "Ամանները չորացնելու պարագա", "name_hy": "Ամանները չորացնելու պարագա", "name_en": "Dryer", "description": "Ներմուծված է Ամերիկայի Միացյալ Նահագներից։Ներմուծված է Ամերիկայի Միացյալ Նահագներից։Ներմուծված է Ամերիկայի Միացյալ Նահագներից։ՆՆերմուծված է Ամերիկայի Միացյալ Նահագներից։ Ներմուծված է Ամերիկայի Միացյալ Նահագներից։ Ներմուծված է Ամերիկայի Միացյալ Նահագներից։", "description_hy": "Ներմուծված է Ամերիկայի Միացյալ Նահագներից։Ներմուծված է Ամերիկայի Միացյալ Նահագներից։Ներմուծված է Ամերիկայի Միացյալ Նահագներից։ՆՆերմուծված է Ամերիկայի Միացյալ Նահագներից։ Ներմուծված է Ամերիկայի Միացյալ Նահագներից։ Ներմուծված է Ամերիկայի Միացյալ Նահագներից։", "description_en": "Good dryer:", "content": "<p>Տեքստի մասին ուսմունքի առանցքային հասկացություններից մեկն է կոհեզիան՝ տեքստի տարբեր մասերի՝ միմյանց կապակցման յուրահատուկ միջոցների ամբողջականությունը։ Խոսքը տեքստային կապակցությունների տարբեր ձևերի մասին է, առանց որոնց անհնար է միասնական լեզվական հաղորդակցական գործընթացի իրականացումը։ Տեքստի տարբեր մասերը, որոնք երբեմն նշանակալից հեռավորության վրա են գտնվում միմյանցից, այս կամ այն կերպ կապակցված են լինում։</p>", "content_hy": "<p>Տեքստի մասին ուսմունքի առանցքային հասկացություններից մեկն է կոհեզիան՝ տեքստի տարբեր մասերի՝ միմյանց կապակցման յուրահատուկ միջոցների ամբողջականությունը։ Խոսքը տեքստային կապակցությունների տարբեր ձևերի մասին է, առանց որոնց անհնար է միասնական լեզվական հաղորդակցական գործընթացի իրականացումը։ Տեքստի տարբեր մասերը, որոնք երբեմն նշանակալից հեռավորության վրա են գտնվում միմյանցից, այս կամ այն կերպ կապակցված են լինում։</p>", "content_en": "<h2>What is Lorem Ipsum?</h2>\r\n\r\n<p><strong>Lorem Ipsum</strong>&nbsp;is simply dummy text of the printing and typesetting industry. Lorem Ipsum has been the industry&#39;s standard dummy text ever since the 1500s, when an unknown printer took a galley of type and scrambled it to make a type specimen book. It has survived not only five centuries, but also the leap into electronic typesetting, remaining essentially unchanged. It was popularised in the 1960s with the release of Letraset sheets containing Lorem Ipsum passages, and more recently with desktop publishing software like Aldus PageMaker including versions of Lorem Ipsum.</p>", "is_slider_item": true, "price": 5000, "count": 2, "category": 8, "type": "W"}}, {"model": "product.product", "pk": 8, "fields": {"name": "Ժամացույց", "name_hy": "Ժամացույց", "name_en": "D & K", "description": "րմուծված է Ամերիկայի Միացյալ Նահագներից։Ներմուծված է Ամերիկայի Միացյալ Նահագներից։Ներմուծված է Ամերիկայի Միացյալ Նահագներից։", "description_hy": "րմուծված է Ամերիկայի Միացյալ Նահագներից։Ներմուծված է Ամերիկայի Միացյալ Նահագներից։Ներմուծված է Ամերիկայի Միացյալ Նահագներից։", "description_en": "From Armenia, Vanadzor.", "content": "<p>րմուծված է Ամերիկայի Միացյալ Նահագներից։Ներմուծված է Ամերիկայի Միացյալ Նահագներից։Ներմուծված է Ամերիկայի Միացյալ Նահագներից։րմուծված է Ամերիկայի Միացյալ Նահագներից։Ներմուծված է Ամերիկայի Միացյալ Նահագներից։Ներմուծված է Ամերիկայի Միացյալ Նահագներից։րմուծված է Ամերիկայի Միացյալ Նահագներից։Ներմուծված է Ամերիկայի Միացյալ Նահագներից։Ներմուծված է Ամերիկայի Միացյալ Նահագներից։րմուծված է Ամերիկայի Միացյալ Նահագներից։Ներմուծված է Ամերիկայի Միացյալ Նահագներից։Ներմուծված է Ամերիկայի Միացյալ Նահագներից։րմուծված է Ամերիկայի Միացյալ Նահագներից։Ներմուծված է Ամերիկայի Միացյալ Նահագներից։Ներմուծված է Ամերիկայի Միացյալ Նահագներից։րմուծված է Ամերիկայի Միացյալ Նահագներից։Ներմուծված է Ամերիկայի Միացյալ Նահագներից։Ներմուծված է Ամերիկայի Միացյալ Նահագներից։րմուծված է Ամերիկայի Միացյալ Նահագներից։Ներմուծված է Ամերիկայի Միացյալ Նահագներից։Ներմուծված է Ամերիկայի Միացյալ Նահագներից։րմուծված է Ամերիկայի Միացյալ Նահագներից։Ներմուծված է Ամերիկայի Միացյալ Նահագներից։Ներմուծված է Ամերիկայի Միացյալ Նահագներից։րմուծված է Ամերիկայի Միացյալ Նահագներից։Ներմուծված է Ամերիկայի Միացյալ Նահագներից։Ներմուծված է Ամերիկայի Միացյալ Նահագներից։րմուծված է Ամերիկայի Միացյալ Նահագներից։Ներմուծված է Ամերիկայի Միացյալ Նահագներից։Ներմուծված է Ամերիկայի Միացյալ Նահագներից։րմուծված է Ամերիկայի Միացյալ Նահագներից։Ներմուծված է Ամերիկայի Միացյալ Նահագներից։Ներմուծված է Ամերիկայի Միացյալ Նահագներից։րմուծված է Ամերիկայի Միացյալ Նահագներից։Ներմուծված է Ամերիկայի Միացյալ Նահագներից։Ներմուծված է Ամերիկայի Միացյալ Նահագներից։րմուծված է Ամերիկայի Միացյալ Նահագներից։Ներմուծված է Ամերիկայի Միացյալ Նահագներից։Ներմուծված է Ամերիկայի Միացյալ Նահագներից։րմուծված է Ամերիկայի Միացյալ Նահագներից։Ներմուծված է Ամերիկայի Միացյալ Նահագներից։Ներմուծված է Ամերիկայի Միացյալ Նահագներից։րմուծված է Ամերիկայի Միացյալ Նահագներից։Ներմուծված է Ամերիկայի Միացյալ Նահագներից։Ներմուծված է Ամերիկայի Միացյալ Նահագներից։րմուծված է Ամերիկայի Միացյալ Նահագներից։Ներմուծված է Ամերիկայի Միացյալ Նահագներից։Ներմուծված է Ամերիկայի Միացյալ Նահագներից։րմուծված է Ամերիկայի Միացյալ Նահագներից։Ներմուծված է Ամերիկայի Միացյալ Նահագներից։Ներմուծված է Ամերիկայի Միացյալ Նահագներից։</p>", "content_hy": "<p>րմուծված է Ամերիկայի Միացյալ Նահագներից։Ներմուծված է Ամերիկայի Միացյալ Նահագներից։Ներմուծված է Ամերիկայի Միացյալ Նահագներից։րմուծված է Ամերիկայի Միացյալ Նահագներից։Ներմուծված է Ամերիկայի Միացյալ Նահագներից։Ներմուծված է Ամերիկայի Միացյալ Նահագներից։րմուծված է Ամերիկայի Միացյալ Նահագներից։Ներմուծված է Ամերիկայի Միացյալ Նահագներից։Ներմուծված է Ամերիկայի Միացյալ Նահագներից։րմուծված է Ամերիկայի Միացյալ Նահագներից։Ներմուծված է Ամերիկայի Միացյալ Նահագներից։Ներմուծված է Ամերիկայի Միացյալ Նահագներից։րմուծված է Ամերիկայի Միացյալ Նահագներից։Ներմուծված է Ամերիկայի Միացյալ Նահագներից։Ներմուծված է Ամերիկայի Միացյալ Նահագներից։րմուծված է Ամերիկայի Միացյալ Նահագներից։Ներմուծված է Ամերիկայի Միացյալ Նահագներից։Ներմուծված է Ամերիկայի Միացյալ Նահագներից։րմուծված է Ամերիկայի Միացյալ Նահագներից։Ներմուծված է Ամերիկայի Միացյալ Նահագներից։Ներմուծված է Ամերիկայի Միացյալ Նահագներից։րմուծված է Ամերիկայի Միացյալ Նահագներից։Ներմուծված է Ամերիկայի Միացյալ Նահագներից։Ներմուծված է Ամերիկայի Միացյալ Նահագներից։րմուծված է Ամերիկայի Միացյալ Նահագներից։Ներմուծված է Ամերիկայի Միացյալ Նահագներից։Ներմուծված է Ամերիկայի Միացյալ Նահագներից։րմուծված է Ամերիկայի Միացյալ Նահագներից։Ներմուծված է Ամերիկայի Միացյալ Նահագներից։Ներմուծված է Ամերիկայի Միացյալ Նահագներից։րմուծված է Ամերիկայի Միացյալ Նահագներից։Ներմուծված է Ամերիկայի Միացյալ Նահագներից։Ներմուծված է Ամերիկայի Միացյալ Նահագներից։րմուծված է Ամերիկայի Միացյալ Նահագներից։Ներմուծված է Ամերիկայի Միացյալ Նահագներից։Ներմուծված է Ամերիկայի Միացյալ Նահագներից։րմուծված է Ամերիկայի Միացյալ Նահագներից։Ներմուծված է Ամերիկայի Միացյալ Նահագներից։Ներմուծված է Ամերիկայի Միացյալ Նահագներից։րմուծված է Ամերիկայի Միացյալ Նահագներից։Ներմուծված է Ամերիկայի Միացյալ Նահագներից։Ներմուծված է Ամերիկայի Միացյալ Նահագներից։րմուծված է Ամերիկայի Միացյալ Նահագներից։Ներմուծված է Ամերիկայի Միացյալ Նահագներից։Ներմուծված է Ամերիկայի Միացյալ Նահագներից։րմուծված է Ամերիկայի Միացյալ Նահագներից։Ներմուծված է Ամերիկայի Միացյալ Նահագներից։Ներմուծված է Ամերիկայի Միացյալ Նահագներից։րմուծված է Ամերիկայի Միացյալ Նահագներից։Ներմուծված է Ամերիկայի Միացյալ Նահագներից։Ներմուծված է Ամերիկայի Միացյալ Նահագներից։</p>", "content_en": "<p>lorem ipsum is a.&nbsp;lorem ipsum is a.&nbsp;lorem ipsum is a.&nbsp;lorem ipsum is a.&nbsp;lorem ipsum is a.&nbsp;lorem ipsum is a.&nbsp;lorem ipsum is a.&nbsp;lorem ipsum is a.&nbsp;lorem ipsum is a.&nbsp;lorem ipsum is a.&nbsp;lorem ipsum is a.&nbsp;lorem ipsum is a.&nbsp;lorem ipsum is a.&nbsp;lorem ipsum is a.&nbsp;lorem ipsum is a.&nbsp;lorem ipsum is a.&nbsp;lorem ipsum is a.&nbsp;lorem ipsum is a.&nbsp;lorem ipsum is a.&nbsp;lorem ipsum is a.&nbsp;lorem ipsum is a.&nbsp;lorem ipsum is a.&nbsp;lorem ipsum is a.&nbsp;lorem ipsum is a.&nbsp;lorem ipsum is a.&nbsp;lorem ipsum is a.&nbsp;lorem ipsum is a.&nbsp;lorem ipsum is a.&nbsp;lorem ipsum is a.&nbsp;lorem ipsum is a.&nbsp;lorem ipsum is a.&nbsp;lorem ipsum is a.&nbsp;lorem ipsum is a.&nbsp;</p>", "is_slider_item": true, "price": 400, "count": 7, "category": 4, "type": "W"}}, {"model": "product.gallery", "pk": 5, "fields": {"product": 2, "image": "images/watch4_OXWrLAP.jpg", "default": true}}, {"model": "product.gallery", "pk": 6, "fields": {"product": 2, "image": "images/watch3_i06H15w.jpg", "default": false}}, {"model": "product.gallery", "pk": 7, "fields": {"product": 2, "image": "images/watch2_xhQCRNz.jpg", "default": false}}, {"model": "product.gallery", "pk": 8, "fields": {"product": 2, "image": "images/watch1_QBiScOk.jpg", "default": false}}, {"model": "product.gallery", "pk": 9, "fields": {"product": 3, "image": "images/ww1.jpg", "default": false}}, {"model": "product.gallery", "pk": 10, "fields": {"product": 4, "image": "images/ww1_GPniZxv.jpg", "default": true}}, {"model": "product.gallery", "pk": 11, "fields": {"product": 3, "image": "images/ww2.webp", "default": true}}, {"model": "product.gallery", "pk": 12, "fields": {"product": 4, "image": "images/ww1_GL5xTMc.jpg", "default": false}}, {"model": "product.gallery", "pk": 13, "fields": {"product": 4, "image": "images/ww3.jpg", "default": false}}, {"model": "product.gallery", "pk": 14, "fields": {"product": 3, "image": "images/ww3_GByWy8J.jpg", "default": false}}, {"model": "product.gallery", "pk": 15, "fields": {"product": 5, "image": "images/p1_5fgHGBT.jpeg", "default": false}}, {"model": "product.gallery", "pk": 16, "fields": {"product": 5, "image": "images/p2_2loCnk4.jpg", "default": true}}, {"model": "product.gallery", "pk": 17, "fields": {"product": 5, "image": "images/p3_9TV7EvL.jpeg", "default": false}}, {"model": "product.gallery", "pk": 18, "fields": {"product": 5, "image": "images/p4_Cypjusr.jpeg", "default": false}}, {"model": "product.gallery", "pk": 19, "fields": {"product": 5, "image": "images/cart.jpg", "default": false}}, {"model": "product.gallery", "pk": 20, "fields": {"product": 5, "image": "images/p6_0X9GbXu.jpeg", "default": false}}, {"model": "product.gallery", "pk": 21, "fields": {"product": 5, "image": "images/p7_jKR39fF.webp", "default": false}}, {"model": "product.gallery", "pk": 22, "fields": {"product": 6, "image": "images/girl1_Uf0TziQ.jpg", "default": false}}, {"model": "product.gallery", "pk": 23, "fields": {"product": 6, "image": "images/girl2_Pa4VLxT.jpg", "default": false}}, {"model": "product.gallery", "pk": 24, "fields": {"product": 6, "image": "images/girl3_EKogA6Z.jpg", "default": false}}, {"model": "product.gallery", "pk": 25, "fields": {"product": 6, "image": "images/girl4_k928AVX.jpg", "default": true}}, {"model": "product.gallery", "pk": 26, "fields": {"product": 6, "image": "images/girl5_nkGaOUu.jpg", "default": false}}, {"model": "product.gallery", "pk": 27, "fields": {"product": 6, "image": "images/girl6_eqlBvOb.jpg", "default": false}}, {"model": "product.gallery", "pk": 29, "fields": {"product": 7, "image": "images/kitchen1.jpg", "default": true}}, {"model": "product.gallery", "pk": 30, "fields": {"product": 7, "image": "images/kitchen2.jpg", "default": false}}, {"model": "product.gallery", "pk": 31, "fields": {"product": 7, "image": "images/kitchen3.jpeg", "default": false}}, {"model": "product.gallery", "pk": 32, "fields": {"product": 8, "image": "images/w1.jpg", "default": false}}, {"model": "product.gallery", "pk": 33, "fields": {"product": 8, "image": "images/w2.jpg", "default": false}}, {"model": "product.gallery", "pk": 34, "fields": {"product": 8, "image": "images/w3.jpg", "default": false}}, {"model": "product.gallery", "pk": 35, "fields": {"product": 8, "image": "images/w4.jpeg", "default": true}}, {"model": "product.gallery", "pk": 36, "fields": {"product": 8, "image": "images/w5.png", "default": false}}, {"model": "resources.contact", "pk": 1, "fields": {"email": "unanyanmeruzan@gmail.com", "phone": "077 80 62 66", "address": "Վանաձոր", "address_hy": "Վանաձոր", "address_en": "Vanadzor"}}, {"model": "users.customer", "pk": 62, "fields": {"name": "Մերուժան Ունանյան", "address": "ք․ Վանաձոր, Տարոն 1 4/8", "phone": "077806266"}}]